1,31.2,1,1,3.1,0,31.2,35,-3.8,96.72
1,29.86,2,2,2.79,0,29.86,34,-4.14,83.3094
1,25.67,3,3,2.81,0,25.67,30,-4.33,72.1327
1,68.61,4,4,2.63,0,68.61,70,-1.39,180.4443
1,19.16,5,5,2.88,0,19.16,24,-4.84,55.1808
1,21.07,6,6,2.9,0,21.07,24,-2.93,61.103
1,48.18,7,7,3.93,0.32,47.86,52,-4.14,188.0898
1,139.35,8,8,3.93,7.6,131.75,137,-5.25,517.7775
1,84.42,9,9,4.72,13.22,71.2,73,-1.8,336.064
1,28.49,10,10,4.38,18.62,9.87,11,-1.13,43.2306
1,22.97,11,11,4.25,19.32,3.65,4,-0.35,15.5125
1,90.87,12,12,4.34,18.23,72.64,68,4.64,315.2576
1,146.35,13,13,3.99,22.58,123.77,124,-0.23,493.8423
1,94.08,14,14,3.54,17.49,76.59,76,0.59,271.1286
1,94.55,15,15,4.22,10.07,84.48,78,6.48,356.5056
1,62.31,16,16,3.34,8.27,54.04,59,-4.96,180.4936
1,94.77,17,17,4.12,5.73,89.04,82,7.04,366.8448
1,19.79,18,18,3.58,0.3,19.49,19,0.49,69.7742
1,36.53,19,19,3.61,0,36.53,34,2.53,131.8733
1,75.75,20,20,3.53,0,75.75,76,-0.25,267.3975
1,51.78,21,21,4.05,0,51.78,55,-3.22,209.709
1,146.8,22,22,4.01,0,146.8,139,7.8,588.668
1,34.7,23,23,3.26,0,34.7,39,-4.3,113.122
1,54.82,24,24,3.15,0,54.82,55,-0.18,172.683
2,20.37,25,1,2.91,0,20.37,25,-4.63,59.2767
2,56.05,26,2,2.34,0,56.05,54,2.05,131.157
2,18.41,27,3,2.21,0,18.41,23,-4.59,40.6861
2,55.33,28,4,2.28,0,55.33,55,0.33,126.1524
2,23.08,29,5,2.17,0,23.08,27,-3.92,50.0836
2,28.4,30,6,3.38,0,28.4,25,3.4,95.992
2,47.67,31,7,5.2,1.14,46.53,45,1.53,241.956
2,133.29,32,8,5.23,12.34,120.95,113,7.95,632.5685
2,96.23,33,9,5.9,19.77,76.46,73,3.46,451.114
2,30.65,34,10,5.93,20.91,9.74,9,0.74,57.7582
2,24.7,35,11,5.37,20.71,3.99,2,1.99,21.4263
2,43.96,36,12,4.11,21.97,21.99,22,-0.01,90.3789
2,33.09,37,13,3.62,22.49,10.6,11,-0.4,38.372
2,51.49,38,14,2.87,17.07,34.42,39,-4.58,98.7854
2,110.69,39,15,3,10.67,100.02,99,1.02,300.06
2,145.3,40,16,3.51,7.22,138.08,146,-7.92,484.6608
2,125.17,41,17,3.77,5.96,119.21,116,3.21,449.4217
2,86.76,42,18,4.07,0.25,86.51,85,1.51,352.0957
2,44.9,43,19,4.19,0,44.9,49,-4.1,188.131
2,78.34,44,20,3.82,0,78.34,76,2.34,299.2588
2,231.94,45,21,3.3,0,231.94,225,6.94,765.402
2,193.01,46,22,3.39,0,193.01,191,2.01,654.3039
2,96,47,23,2.84,0,96,99,-3,272.64
2,86.1,48,24,2.69,0,86.1,88,-1.9,231.609
3,20.59,49,1,2.44,0,20.59,26,-5.41,50.2396
3,19.98,50,2,2.31,0,19.98,25,-5.02,46.1538
3,23.64,51,3,2.42,0,23.64,27,-3.36,57.2088
3,22.73,52,4,2.52,0,22.73,27,-4.27,57.2796
3,20.8,53,5,2.28,0,20.8,26,-5.2,47.424
3,25.47,54,6,2.51,0,25.47,28,-2.53,63.9297
3,18.53,55,7,3.81,0.44,18.09,15,3.09,68.9229
3,36.34,56,8,5.68,9.78,26.56,24,2.56,150.8608
3,67.44,57,9,5.41,19.1,48.34,49,-0.66,261.5194
3,147.2,58,10,5.13,22.9,124.3,123,1.3,637.659
3,129.34,59,11,4.59,19.27,110.07,108,2.07,505.2213
3,203.73,60,12,4.01,20.62,183.11,166,17.11,734.2711
3,47.99,61,13,3.88,24.72,23.27,25,-1.73,90.2876
3,26.01,62,14,3.22,20.62,5.39,12,-6.61,17.3558
3,122.76,63,15,3.78,20.08,102.68,104,-1.32,388.1304
3,75.8,64,16,3.94,18.88,56.92,56,0.92,224.2648
3,63.75,65,17,4.3,12.67,51.08,53,-1.92,219.644
3,30.87,66,18,3.73,0.69,30.18,27,3.18,112.5714
3,46.23,67,19,3.8,0,46.23,47,-0.77,175.674
3,134.43,68,20,3.97,0,134.43,126,8.43,533.6871
3,196.3,69,21,4.36,0,196.3,193,3.3,855.868
3,156.5,70,22,3.34,0,156.5,150,6.5,522.71
3,98.47,71,23,2.88,0,98.47,99,-0.53,283.5936
3,76.29,72,24,2.2,0,76.29,79,-2.71,167.838
4,56.7,73,1,2.38,0,56.7,57,-0.3,134.946
4,46.15,74,2,2.28,0,46.15,51,-4.85,105.222
4,58.86,75,3,2.46,0,58.86,65,-6.14,144.7956
4,58.39,76,4,1.97,0,58.39,65,-6.61,115.0283
4,55.04,77,5,2.09,0,55.04,55,0.04,115.0336
4,52.32,78,6,4.38,0,52.32,50,2.32,229.1616
4,63.12,79,7,6.21,0.16,62.96,62,0.96,390.9816
4,148.58,80,8,5.54,4.64,143.94,139,4.94,797.4276
4,110.2,81,9,7.12,9.5,100.7,97,3.7,716.984
4,138.84,82,10,7.58,8.81,130.03,133,-2.97,985.6274
4,69.69,83,11,7.13,10.77,58.92,59,-0.08,420.0996
4,48.76,84,12,5.74,16.48,32.28,36,-3.72,185.2872
4,129.55,85,13,4.64,15.33,114.22,105,9.22,529.9808
4,36.45,86,14,4.76,20.53,15.92,20,-4.08,75.7792
4,29.3,87,15,5.37,19.59,9.71,8,1.71,52.1427
4,23.44,88,16,2.79,14.83,8.61,13,-4.39,24.0219
4,25.7,89,17,3.2,5.12,20.58,22,-1.42,65.856
4,21.11,90,18,3.47,0.13,20.98,20,0.98,72.8006
4,114.28,91,19,4.33,0,114.28,105,9.28,494.8324
4,118.53,92,20,3.43,0,118.53,126,-7.47,406.5579
4,160.78,93,21,3.92,0,160.78,164,-3.22,630.2576
4,88.7,94,22,3.5,0,88.7,89,-0.3,310.45
4,34.7,95,23,2.87,0,34.7,41,-6.3,99.589
4,29.64,96,24,2.03,0,29.64,34,-4.36,60.1692
5,46.58,97,1,2.86,0,46.58,51,-4.42,133.2188
5,30.67,98,2,2.66,0,30.67,33,-2.33,81.5822
5,23.46,99,3,3.21,0,23.46,27,-3.54,75.3066
5,17.27,100,4,3.02,0,17.27,23,-5.73,52.1554
5,24.57,101,5,3.82,0,24.57,24,0.57,93.8574
5,25.68,102,6,3.38,0,25.68,24,1.68,86.7984
5,44.48,103,7,6.19,0.23,44.25,46,-1.75,273.9075
5,116.42,104,8,6.54,6.25,110.17,113,-2.83,720.5118
5,94.56,105,9,6.77,11.48,83.08,79,4.08,562.4516
5,96.11,106,10,7.11,18.61,77.5,77,0.5,551.025
5,121.18,107,11,5.22,17.64,103.54,102,1.54,540.4788
5,116.75,108,12,5.18,17.61,99.14,104,-4.86,513.5452
5,112.5,109,13,4.64,20.86,91.64,89,2.64,425.2096
5,99.64,110,14,4.35,16.92,82.72,87,-4.28,359.832
5,142.44,111,15,4.65,10.69,131.75,136,-4.25,612.6375
5,121.67,112,16,4.38,6.93,114.74,114,0.74,502.5612
5,52.16,113,17,4.28,2.03,50.13,50,0.13,214.5564
5,31.88,114,18,5.4,0.04,31.84,29,2.84,171.936
5,50.27,115,19,4.81,0,50.27,51,-0.73,241.7987
5,86.08,116,20,3.97,0,86.08,90,-3.92,341.7376
5,169.44,117,21,4.62,0,169.44,172,-2.56,782.8128
5,123.5,118,22,3.94,0,123.5,125,-1.5,486.59
5,90.83,119,23,3.66,0,90.83,91,-0.17,332.4378
5,67.48,120,24,2.46,0,67.48,72,-4.52,166.0008
6,46.71,121,1,3.41,0,46.71,51,-4.29,159.2811
6,40.93,122,2,3.19,0,40.93,42,-1.07,130.5667
6,61.48,123,3,3.49,0,61.48,65,-3.52,214.5652
6,27.29,124,4,3.3,0,27.29,30,-2.71,90.057
6,22.21,125,5,3.08,0,22.21,26,-3.79,68.4068
6,22.05,126,6,3.21,0,22.05,26,-3.95,70.7805
6,49.59,127,7,6.02,0.21,49.38,51,-1.62,297.2676
6,166.77,128,8,5.93,4.08,162.69,163,-0.31,964.7517
6,100.7,129,9,6.07,8.86,91.84,95,-3.16,557.4688
6,77.99,130,10,7.18,10.43,67.56,59,8.56,485.0808
6,68,131,11,5.58,12.7,55.3,55,0.3,308.574
6,31.88,132,12,5.12,15.07,16.81,16,0.81,86.0672
6,45.83,133,13,4.96,14.64,31.19,30,1.19,154.7024
6,26.42,134,14,4.29,15.24,11.18,11,0.18,47.9622
6,48.51,135,15,5.01,13.95,34.56,32,2.56,173.1456
6,18.08,136,16,4.64,11.69,6.39,7,-0.61,29.6496
6,53.46,137,17,4.57,4.96,48.5,43,5.5,221.645
6,37.2,138,18,4.06,0.11,37.09,35,2.09,150.5854
6,55.6,139,19,3.88,0,55.6,51,4.6,215.728
6,35.33,140,20,4.5,0,35.33,36,-0.67,158.985
6,22.43,141,21,4.04,0,22.43,23,-0.57,90.6172
6,36.46,142,22,4.2,0,36.46,38,-1.54,153.132
6,106.12,143,23,3.55,0,106.12,103,3.12,376.726
6,67.32,144,24,2.31,0,67.32,72,-4.68,155.5092
7,66.57,145,1,3.57,0,66.57,69,-2.43,237.6549
7,24.66,146,2,3.43,0,24.66,29,-4.34,84.5838
7,24.69,147,3,3.07,0,24.69,28,-3.31,75.7983
7,19.24,148,4,3.02,0,19.24,24,-4.76,58.1048
7,19.8,149,5,3.06,0,19.8,24,-4.2,60.588
7,24.49,150,6,3.4,0,24.49,26,-1.51,83.266
7,73.19,151,7,5.1,0.65,72.54,72,0.54,369.954
7,134.77,152,8,5.68,11.7,123.07,118,5.07,699.0376
7,107.82,153,9,6.04,10.67,97.15,94,3.15,586.786
7,85.83,154,10,6.42,15.63,70.2,69,1.2,450.684
7,20.62,155,11,5.74,15.84,4.78,7,-2.22,27.4372
7,124.04,156,12,4.51,18.43,105.61,105,0.61,476.3011
7,186.45,157,13,4.55,15.16,171.29,156,15.29,779.3695
7,99.59,158,14,4.38,12.67,86.92,88,-1.08,380.7096
7,80.47,159,15,4.8,10.18,70.29,75,-4.71,337.392
7,92.91,160,16,5.03,8.2,84.71,81,3.71,426.0913
7,43.88,161,17,4.82,3.81,40.07,44,-3.93,193.1374
7,19.72,162,18,4.5,0.1,19.62,19,0.62,88.29
7,76.56,163,19,5.24,0,76.56,70,6.56,401.1744
7,81.94,164,20,4.76,0,81.94,92,-10.06,390.0344
7,148.92,165,21,4.1,0,148.92,149,-0.08,610.572
7,147.63,166,22,3.08,0,147.63,146,1.63,454.7004
7,58.55,167,23,3.73,0,58.55,66,-7.45,218.3915
7,41.15,168,24,2.73,0,41.15,46,-4.85,112.3395
8,41.15,169,1,2.7,0,41.15,45,-3.85,111.105
8,22.28,170,2,3.03,0,22.28,25,-2.72,67.5084
8,20.02,171,3,2.71,0,20.02,25,-4.98,54.2542
8,24.91,172,4,2.76,0,24.91,29,-4.09,68.7516
8,24.45,173,5,2.34,0,24.45,28,-3.55,57.213
8,62.27,174,6,3.63,0,62.27,60,2.27,226.0401
8,71.3,175,7,5.35,0.42,70.88,71,-0.12,379.208
8,129.1,176,8,7.48,8.49,120.61,117,3.61,902.1628
8,80.83,177,9,7.61,9.98,70.85,77,-6.15,539.1685
8,97.61,178,10,8.36,13.34,84.27,80,4.27,704.4972
8,74.4,179,11,6.86,18.35,56.05,53,3.05,384.503
8,48.42,180,12,5.83,18.18,30.24,33,-2.76,176.2992
8,92.06,181,13,5.46,23.39,68.67,62,6.67,374.9382
8,54.09,182,14,5.42,22.32,31.77,28,3.77,172.1934
8,30.7,183,15,5.26,19.57,11.13,13,-1.87,58.5438
8,27.58,184,16,5.51,19.44,8.14,7,1.14,44.8514
8,27.7,185,17,4.94,11.25,16.45,21,-4.55,81.263
8,55.03,186,18,5.64,0.23,54.8,49,5.8,309.072
8,64.04,187,19,5.22,0,64.04,63,1.04,334.2888
8,105.74,188,20,5.12,0,105.74,106,-0.26,541.3888
8,133.4,189,21,4.11,0,133.4,130,3.4,548.274
8,143.24,190,22,4.36,0,143.24,146,-2.76,624.5264
8,43.82,191,23,2.94,0,43.82,52,-8.18,128.8308
8,36.2,192,24,3.02,0,36.2,41,-4.8,109.324
9,34.13,193,1,3.33,0,34.13,38,-3.87,113.6529
9,24.26,194,2,3.45,0,24.26,28,-3.74,83.697
9,28.14,195,3,2.98,0,28.14,33,-4.86,83.8572
9,25,196,4,3.17,0,25,28,-3,79.25
9,21.18,197,5,3.55,0,21.18,26,-4.82,75.189
9,29.12,198,6,3.56,0,29.12,27,2.12,103.6672
9,61.57,199,7,5.84,0.46,61.11,62,-0.89,356.8824
9,142.1,200,8,5.95,11.82,130.28,133,-2.72,775.166
9,87.19,201,9,6.67,14.55,72.64,72,0.64,484.5088
9,76.56,202,10,8.82,17.88,58.68,54,4.68,517.5576
9,22.55,203,11,5.87,16.47,6.08,6,0.08,35.6896
9,39.82,204,12,4.85,20.17,19.65,19,0.65,95.3025
9,24.24,205,13,5.15,20.67,3.57,3,0.57,18.3855
9,91.94,206,14,5.12,21.57,70.37,63,7.37,360.2944
9,57.25,207,15,4.69,20.2,37.05,45,-7.95,173.7645
9,117.06,208,16,4.59,15.5,101.56,101,0.56,466.1604
9,106.67,209,17,4.3,8.67,98,101,-3,421.4
9,69.52,210,18,5.03,0.16,69.36,69,0.36,348.8808
9,91.19,211,19,4.93,0,91.19,89,2.19,449.5667
9,117.04,212,20,4.66,0,117.04,123,-5.96,545.4064
9,97.76,213,21,4.52,0,97.76,98,-0.24,441.8752
9,100.95,214,22,3.7,0,100.95,104,-3.05,373.515
9,76.42,215,23,3.64,0,76.42,75,1.42,278.1688
9,36.96,216,24,3.11,0,36.96,43,-6.04,114.9456
10,56.06,217,1,3.25,0,56.06,55,1.06,182.195
10,28.71,218,2,3.15,0,28.71,33,-4.29,90.4365
10,31.23,219,3,3.03,0,31.23,34,-2.77,94.6269
10,26.95,220,4,3.24,0,26.95,30,-3.05,87.318
10,38.74,221,5,3.15,0,38.74,40,-1.26,122.031
10,26.79,222,6,3.27,0,26.79,25,1.79,87.6033
10,23.5,223,7,5.64,0.55,22.95,19,3.95,129.438
10,41.91,224,8,6.11,12.15,29.76,29,0.76,181.8336
10,60.96,225,9,6.75,15.8,45.16,41,4.16,304.83
10,48.01,226,10,5.29,18.3,29.71,25,4.71,157.1659
10,52.13,227,11,5.15,20.36,31.77,33,-1.23,163.6155
10,153.6,228,12,4.44,21.17,132.43,132,0.43,587.9892
10,119.38,229,13,4.92,17.86,101.52,102,-0.48,499.4784
10,102.04,230,14,4.88,19.19,82.85,80,2.85,404.308
10,62.11,231,15,4.99,18.25,43.86,41,2.86,218.8614
10,28.67,232,16,4.93,20.62,8.05,9,-0.95,39.6865
10,55.68,233,17,4.53,13.18,42.5,41,1.5,192.525
10,106.47,234,18,5.42,0.23,106.24,103,3.24,575.8208
10,100.93,235,19,5,0,100.93,103,-2.07,504.65
10,181.36,236,20,4.82,0,181.36,175,6.36,874.1552
10,198.61,237,21,5.16,0,198.61,197,1.61,1024.8276
10,233.76,238,22,3.84,0,233.76,227,6.76,897.6384
10,111.98,239,23,3.52,0,111.98,107,4.98,394.1696
10,65.99,240,24,2.59,0,65.99,72,-6.01,170.9141
11,29.17,241,1,3.05,0,29.17,33,-3.83,88.9685
11,23.23,242,2,2.76,0,23.23,28,-4.77,64.1148
11,33.56,243,3,2.83,0,33.56,38,-4.44,94.9748
11,27.49,244,4,2.54,0,27.49,32,-4.51,69.8246
11,33.33,245,5,2.68,0,33.33,36,-2.67,89.3244
11,48.31,246,6,2.81,0,48.31,51,-2.69,135.7511
11,52.56,247,7,4.54,0.54,52.02,53,-0.98,236.1708
11,142.21,248,8,4.83,10.29,131.92,135,-3.08,637.1736
11,107.71,249,9,4.67,14.88,92.83,91,1.83,433.5161
11,93.74,250,10,5.2,18.8,74.94,68,6.94,389.688
11,71.63,251,11,4.59,16.07,55.56,55,0.56,255.0204
11,26.12,252,12,4.82,14.47,11.65,8,3.65,56.153
11,42.29,253,13,4.55,18.51,23.78,23,0.78,108.199
11,28.58,254,14,4.65,17.21,11.37,9,2.37,52.8705
11,62.82,255,15,4.31,14.8,48.02,43,5.02,206.9662
11,37.36,256,16,4.04,13.62,23.74,19,4.74,95.9096
11,26.79,257,17,4.4,7.98,18.81,15,3.81,82.764
11,50.75,258,18,4.03,0.15,50.6,48,2.6,203.918
11,42.26,259,19,4.71,0,42.26,44,-1.74,199.0446
11,157.97,260,20,4.51,0,157.97,147,10.97,712.4447
11,118.46,261,21,4.64,0,118.46,127,-8.54,549.6544
11,187.93,262,22,4.5,0,187.93,188,-0.07,845.685
11,104.38,263,23,3.47,0,104.38,107,-2.62,362.1986
11,31.37,264,24,2.8,0,31.37,35,-3.63,87.836
12,21.5,265,1,3.07,0,21.5,26,-4.5,66.005
12,26.37,266,2,3.22,0,26.37,30,-3.63,84.9114
12,27.94,267,3,2.93,0,27.94,32,-4.06,81.8642
12,17.26,268,4,3.2,0,17.26,22,-4.74,55.232
12,22.35,269,5,2.9,0,22.35,26,-3.65,64.815
12,27.76,270,6,3.93,0,27.76,27,0.76,109.0968
12,72.74,271,7,5.2,0.35,72.39,71,1.39,376.428
12,129.75,272,8,6.53,5.78,123.97,122,1.97,809.5241
12,107.12,273,9,5.92,7.15,99.97,99,0.97,591.8224
12,97.95,274,10,5.54,12.89,85.06,82,3.06,471.2324
12,123.6,275,11,5.27,15.93,107.67,105,2.67,567.4209
12,52.52,276,12,4.24,15.15,37.37,38,-0.63,158.4488
12,97.26,277,13,4.75,16.22,81.04,72,9.04,384.94
12,49.6,278,14,4.57,22.19,27.41,36,-8.59,125.2637
12,26.53,279,15,5.3,20.74,5.79,4,1.79,30.687
12,37.98,280,16,4.35,12.66,25.32,19,6.32,110.142
12,23.84,281,17,4.5,5.95,17.89,15,2.89,80.505
12,24.64,282,18,4.72,0.09,24.55,25,-0.45,115.876
12,126.07,283,19,5.37,0,126.07,123,3.07,676.9959
12,128.38,284,20,4.45,0,128.38,132,-3.62,571.291
12,118.69,285,21,4.43,0,118.69,125,-6.31,525.7967
12,75.13,286,22,3.74,0,75.13,78,-2.87,280.9862
12,81.66,287,23,3.25,0,81.66,89,-7.34,265.395
12,47.6,288,24,3.32,0,47.6,53,-5.4,158.032
13,21.15,289,1,3.05,0,21.15,26,-4.85,64.5075
13,30.65,290,2,2.73,0,30.65,33,-2.35,83.6745
13,20.46,291,3,2.74,0,20.46,25,-4.54,56.0604
13,22.47,292,4,2.93,0,22.47,26,-3.53,65.8371
13,65.99,293,5,3.29,0,65.99,68,-2.01,217.1071
13,30.56,294,6,3.76,0,30.56,29,1.56,114.9056
13,57.5,295,7,5.78,0.56,56.94,63,-6.06,329.1132
13,169.03,296,8,5.58,11.73,157.3,160,-2.7,877.734
13,148.37,297,9,6.24,17.58,130.79,128,2.79,816.1296
13,98.32,298,10,6.55,23.38,74.94,72,2.94,490.857
13,111.12,299,11,4.79,25.17,85.95,83,2.95,411.7005
13,88.44,300,12,4.9,23.34,65.1,68,-2.9,318.99
13,93.33,301,13,5.11,19.06,74.27,68,6.27,379.5197
13,92.2,302,14,4.06,20.75,71.45,67,4.45,290.087
13,110.17,303,15,4.66,15.9,94.27,90,4.27,439.2982
13,123.47,304,16,5.25,14.25,109.22,109,0.22,573.405
13,94.62,305,17,5.09,8.05,86.57,84,2.57,440.6413
13,102.77,306,18,5.3,0.14,102.63,99,3.63,543.939
13,51.63,307,19,6.54,0,51.63,52,-0.37,337.6602
13,113.11,308,20,4.33,0,113.11,105,8.11,489.7663
13,137.79,309,21,4.2,0,137.79,132,5.79,578.718
13,115.6,310,22,3.89,0,115.6,126,-10.4,449.684
13,119.14,311,23,3.14,0,119.14,124,-4.86,374.0996
13,23.93,312,24,3.3,0,23.93,32,-8.07,78.969
14,19.91,313,1,2.67,0,19.91,24,-4.09,53.1597
14,30.72,314,2,2.94,0,30.72,33,-2.28,90.3168
14,19.35,315,3,3.12,0,19.35,24,-4.65,60.372
14,22.3,316,4,2.63,0,22.3,26,-3.7,58.649
14,23.31,317,5,3.04,0,23.31,28,-4.69,70.8624
14,27.92,318,6,3.73,0,27.92,27,0.92,104.1416
14,70.97,319,7,4.7,0.34,70.63,72,-1.37,331.961
14,187.83,320,8,6.91,9.49,178.34,177,1.34,1232.3294
14,107.17,321,9,6.37,15.4,91.77,92,-0.23,584.5749
14,188.72,322,10,9.28,19.24,169.48,165,4.48,1572.7744
14,119.22,323,11,6.03,21.81,97.41,98,-0.59,587.3823
14,66.36,324,12,5.5,21.94,44.42,46,-1.58,244.31
14,56.3,325,13,5.94,18.33,37.97,29,8.97,225.5418
14,63.4,326,14,5.24,25.28,38.12,39,-0.88,199.7488
14,98.31,327,15,5.51,21.01,77.3,69,8.3,425.923
14,59.78,328,16,4.48,15.89,43.89,45,-1.11,196.6272
14,51.15,329,17,4.22,14.47,36.68,41,-4.32,154.7896
14,21.71,330,18,4.91,0.16,21.55,24,-2.45,105.8105
14,111.93,331,19,5.12,0,111.93,106,5.93,573.0816
14,245.79,332,20,4.2,0,245.79,234,11.79,1032.318
14,189.94,333,21,3.78,0,189.94,193,-3.06,717.9732
14,192.83,334,22,3.43,0,192.83,196,-3.17,661.4069
14,143.9,335,23,2.95,0,143.9,145,-1.1,424.505
14,32.87,336,24,2.48,0,32.87,41,-8.13,81.5176
15,23.84,337,1,2.91,0,23.84,28,-4.16,69.3744
15,24.4,338,2,2.77,0,24.4,28,-3.6,67.588
15,28.43,339,3,2.51,0,28.43,31,-2.57,71.3593
15,18.25,340,4,2.4,0,18.25,23,-4.75,43.8
15,20.22,341,5,2.76,0,20.22,25,-4.78,55.8072
15,28.61,342,6,3.04,0,28.61,30,-1.39,86.9744
15,75.75,343,7,3.36,0.87,74.88,73,1.88,251.5968
15,122.73,344,8,3.77,12.28,110.45,115,-4.55,416.3965
15,118.86,345,9,3.93,15.93,102.93,104,-1.07,404.5149
15,100.16,346,10,4.21,24.17,75.99,74,1.99,319.9179
15,99.78,347,11,4.95,22.2,77.58,73,4.58,384.021
15,119.18,348,12,3.95,24.28,94.9,98,-3.1,374.855
15,116.56,349,13,4.48,21.47,95.09,101,-5.91,426.0032
15,91.53,350,14,3.98,20.27,71.26,71,0.26,283.6148
15,97.19,351,15,4.29,18.01,79.18,73,6.18,339.6822
15,36.14,352,16,3.61,16.92,19.22,19,0.22,69.3842
15,29.92,353,17,3.94,8.61,21.31,19,2.31,83.9614
15,29.56,354,18,3.47,0.11,29.45,29,0.45,102.1915
15,89.08,355,19,3.97,0,89.08,88,1.08,353.6476
15,96.71,356,20,3.5,0,96.71,95,1.71,338.485
15,79.77,357,21,3.36,0,79.77,86,-6.23,268.0272
15,59.53,358,22,3.04,0,59.53,64,-4.47,180.9712
15,54.52,359,23,3.28,0,54.52,51,3.52,178.8256
15,28.98,360,24,2.75,0,28.98,34,-5.02,79.695
16,30.4,361,1,2.79,0,30.4,33,-2.6,84.816
16,22.9,362,2,2.91,0,22.9,26,-3.1,66.639
16,17.62,363,3,2.83,0,17.62,24,-6.38,49.8646
16,22.74,364,4,2.46,0,22.74,27,-4.26,55.9404
16,27.27,365,5,2.46,0,27.27,29,-1.73,67.0842
16,21.17,366,6,2.99,0,21.17,22,-0.83,63.2983
16,43.66,367,7,4.2,1.21,42.45,48,-5.55,178.29
16,144.49,368,8,4.2,11.27,133.22,133,0.22,559.524
16,164.08,369,9,5.13,14.62,149.46,149,0.46,766.7298
16,204.51,370,10,5.61,19.49,185.02,184,1.02,1037.9622
16,141.69,371,11,5.33,20.03,121.66,124,-2.34,648.4478
16,144.39,372,12,4.31,20.47,123.92,127,-3.08,534.0952
16,250.33,373,13,4.16,21.7,228.63,227,1.63,951.1008
16,205.51,374,14,4.15,17.96,187.55,186,1.55,778.3325
16,104.75,375,15,3.97,16.7,88.05,87,1.05,349.5585
16,29.74,376,16,3.8,13.8,15.94,15,0.94,60.572
16,31.03,377,17,3.87,7.45,23.58,21,2.58,91.2546
16,43.5,378,18,3.68,0.07,43.43,44,-0.57,159.8224
16,195.49,379,19,4.28,0,195.49,188,7.49,836.6972
16,198.77,380,20,3.37,0,198.77,194,4.77,669.8549
16,172.32,381,21,3.23,0,172.32,179,-6.68,556.5936
16,231.48,382,22,3.27,0,231.48,229,2.48,756.9396
16,136.52,383,23,3.23,0,136.52,130,6.52,440.9596
16,103.48,384,24,2.68,0,103.48,107,-3.52,277.3264
17,87.42,385,1,1.86,0,87.42,90,-2.58,162.6012
17,35.44,386,2,1.46,0,35.44,40,-4.56,51.7424
17,18.68,387,3,1.43,0,18.68,23,-4.32,26.7124
17,18.73,388,4,1.56,0,18.73,23,-4.27,29.2188
17,29.36,389,5,1.64,0,29.36,33,-3.64,48.1504
17,27.05,390,6,1.99,0,27.05,29,-1.95,53.8295
17,65.84,391,7,4.66,0.22,65.62,64,1.62,305.7892
17,202.01,392,8,4,6.45,195.56,182,13.56,782.24
17,125.54,393,9,4.02,11.14,114.4,113,1.4,459.888
17,122.46,394,10,4.8,13.97,108.49,105,3.49,520.752
17,40.74,395,11,3.92,18.79,21.95,25,-3.05,86.044
17,101.12,396,12,3.28,19.19,81.93,81,0.93,268.7304
17,77.28,397,13,2.88,21.42,55.86,53,2.86,160.8768
17,32.53,398,14,2.66,19.37,13.16,21,-7.84,35.0056
17,25.29,399,15,2.74,12.45,12.84,13,-0.16,35.1816
17,20.7,400,16,3.23,9.13,11.57,9,2.57,37.3711
17,25.87,401,17,3.28,4.43,21.44,20,1.44,70.3232
17,67.39,402,18,3.64,0.02,67.37,72,-4.63,245.2268
17,243.31,403,19,3.79,0,243.31,229,14.31,922.1449
17,161.29,404,20,3.19,0,161.29,168,-6.71,514.5151
17,180.26,405,21,3.2,0,180.26,175,5.26,576.832
17,147.28,406,22,2.55,0,147.28,147,0.28,375.564
17,70.28,407,23,2.14,0,70.28,79,-8.72,150.3992
17,37.81,408,24,1.74,0,37.81,41,-3.19,65.7894
18,66.71,409,1,2.45,0,66.71,69,-2.29,163.4395
18,20.18,410,2,2.72,0,20.18,24,-3.82,54.8896
18,17.23,411,3,2.28,0,17.23,23,-5.77,39.2844
18,27.27,412,4,2.05,0,27.27,29,-1.73,55.9035
18,19.07,413,5,2.79,0,19.07,20,-0.93,53.2053
18,20.53,414,6,2.91,0,20.53,20,0.53,59.7423
18,50.58,415,7,3.98,0.38,50.2,49,1.2,199.796
18,164.04,416,8,4.26,8.88,155.16,150,5.16,660.9816
18,103.77,417,9,4.85,11.45,92.32,90,2.32,447.752
18,110.62,418,10,4.55,14.79,95.83,88,7.83,436.0265
18,123.95,419,11,3.94,18.94,105.01,104,1.01,413.7394
18,107.07,420,12,3.48,18.58,88.49,85,3.49,307.9452
18,92.01,421,13,2.36,17.97,74.04,73,1.04,174.7344
18,27.9,422,14,2.94,17.57,10.33,16,-5.67,30.3702
18,32.94,423,15,2.81,13.09,19.85,23,-3.15,55.7785
18,31.16,424,16,3.61,9.69,21.47,19,2.47,77.5067
18,19.28,425,17,3.73,3.93,15.35,14,1.35,57.2555
18,19.21,426,18,3.5,0.02,19.19,17,2.19,67.165
18,67.64,427,19,3.75,0,67.64,68,-0.36,253.65
18,117.21,428,20,3.24,0,117.21,120,-2.79,379.7604
18,145.42,429,21,3.63,0,145.42,148,-2.58,527.8746
18,163.92,430,22,3.36,0,163.92,163,0.92,550.7712
18,106.58,431,23,2.95,0,106.58,107,-0.42,314.411
18,44.61,432,24,1.99,0,44.61,52,-7.39,88.7739
19,26.39,433,1,2.11,0,26.39,30,-3.61,55.6829
19,38.92,434,2,2.28,0,38.92,40,-1.08,88.7376
19,29.17,435,3,2.26,0,29.17,32,-2.83,65.9242
19,18.43,436,4,2.22,0,18.43,23,-4.57,40.9146
19,19.12,437,5,2.59,0,19.12,24,-4.88,49.5208
19,58.95,438,6,2.9,0,58.95,63,-4.05,170.955
19,81.52,439,7,4.84,0.51,81.01,87,-5.99,392.0884
19,128.08,440,8,4.47,9.79,118.29,117,1.29,528.7563
19,67.38,441,9,5.04,17.38,50,50,0,252
19,19.35,442,10,4.69,17.33,2.02,0,2.02,9.4738
19,20.4,443,11,4.88,15.83,4.57,2,2.57,22.3016
19,22.53,444,12,4.23,15.54,6.99,5,1.99,29.5677
19,32.31,445,13,4.53,11.69,20.62,17,3.62,93.4086
19,25.56,446,14,4.67,9.65,15.91,14,1.91,74.2997
19,26.04,447,15,4.51,5.8,20.24,16,4.24,91.2824
19,18.3,448,16,4.32,3.18,15.12,16,-0.88,65.3184
19,51.51,449,17,3.83,1.3,50.21,49,1.21,192.3043
19,21.55,450,18,3.7,0,21.55,29,-7.45,79.735
19,83.69,451,19,4.7,0,83.69,87,-3.31,393.343
19,118.72,452,20,3.69,0,118.72,122,-3.28,438.0768
19,127.87,453,21,4.08,0,127.87,128,-0.13,521.7096
19,174.9,454,22,4.1,0,174.9,173,1.9,717.09
19,109.56,455,23,3.25,0,109.56,107,2.56,356.07
19,45.12,456,24,2.36,0,45.12,55,-9.88,106.4832
20,29.72,457,1,2.46,0,29.72,33,-3.28,73.1112
20,38.25,458,2,2.3,0,38.25,40,-1.75,87.975
20,29.23,459,3,2.48,0,29.23,33,-3.77,72.4904
20,30.3,460,4,2.09,0,30.3,33,-2.7,63.327
20,30.63,461,5,2.19,0,30.63,33,-2.37,67.0797
20,40.08,462,6,3.37,0,40.08,45,-4.92,135.0696
20,119.48,463,7,4.49,0.28,119.2,118,1.2,535.208
20,148.07,464,8,4.73,10.33,137.74,138,-0.26,651.5102
20,91.38,465,9,4.24,16.2,75.18,73,2.18,318.7632
20,106.93,466,10,4.47,15.61,91.32,86,5.32,408.2004
20,85.18,467,11,3.89,19.11,66.07,67,-0.93,257.0123
20,85.32,468,12,3.6,18.68,66.64,68,-1.36,239.904
20,109.01,469,13,2.98,17.68,91.33,92,-0.67,272.1634
20,89.74,470,14,2.95,16.95,72.79,80,-7.21,214.7305
20,81.08,471,15,3.13,12.42,68.66,79,-10.34,214.9058
20,42.55,472,16,3.65,11.88,30.67,36,-5.33,111.9455
20,61.4,473,17,3.71,4.78,56.62,53,3.62,210.0602
20,27.89,474,18,3.44,0.04,27.85,24,3.85,95.804
20,44.68,475,19,4.12,0,44.68,45,-0.32,184.0816
20,81.4,476,20,4.26,0,81.4,84,-2.6,346.764
20,82.54,477,21,3.96,0,82.54,89,-6.46,326.8584
20,150.71,478,22,3.64,0,150.71,145,5.71,548.5844
20,58.6,479,23,3.71,0,58.6,61,-2.4,217.406
20,20.65,480,24,2.22,0,20.65,28,-7.35,45.843
21,97.12,481,1,2.35,0,97.12,96,1.12,228.232
21,24.66,482,2,2.15,0,24.66,30,-5.34,53.019
21,32.58,483,3,2.35,0,32.58,36,-3.42,76.563
21,20.62,484,4,2.45,0,20.62,25,-4.38,50.519
21,24.57,485,5,2.65,0,24.57,28,-3.43,65.1105
21,20.67,486,6,3.07,0,20.67,22,-1.33,63.4569
21,33.6,487,7,4.42,0.08,33.52,36,-2.48,148.1584
21,125.62,488,8,6.54,3.1,122.52,117,5.52,801.2808
21,96.37,489,9,6.09,7.6,88.77,85,3.77,540.6093
21,78.66,490,10,5.89,11.77,66.89,58,8.89,393.9821
21,25.03,491,11,5.96,12.02,13.01,10,3.01,77.5396
21,58.92,492,12,5.17,14.17,44.75,47,-2.25,231.3575
21,137.38,493,13,5.03,14.92,122.46,110,12.46,615.9738
21,102.74,494,14,5.24,17.31,85.43,88,-2.57,447.6532
21,177.29,495,15,4.32,14.53,162.76,157,5.76,703.1232
21,127.31,496,16,4.62,10.05,117.26,117,0.26,541.7412
21,130.98,497,17,4.37,6.17,124.81,128,-3.19,545.4197
21,220.4,498,18,4.13,0.03,220.37,217,3.37,910.1281
21,163.27,499,19,4.59,0,163.27,164,-0.73,749.4093
21,91.86,500,20,4.27,0,91.86,97,-5.14,392.2422
21,102.57,501,21,4.65,0,102.57,105,-2.43,476.9505
21,178.44,502,22,5.02,0,178.44,169,9.44,895.7688
21,74.9,503,23,4.36,0,74.9,80,-5.1,326.564
21,115.72,504,24,2.49,0,115.72,127,-11.28,288.1428
22,111.74,505,1,2.2,0,111.74,111,0.74,245.828
22,84.98,506,2,2.01,0,84.98,97,-12.02,170.8098
22,122.59,507,3,2.21,0,122.59,126,-3.41,270.9239
22,101.2,508,4,2.12,0,101.2,108,-6.8,214.544
22,48.15,509,5,2.48,0,48.15,56,-7.85,119.412
22,25.69,510,6,2.87,0,25.69,26,-0.31,73.7303
22,23.67,511,7,4.2,0.57,23.1,20,3.1,97.02
22,23.01,512,8,6.24,12.03,10.98,11,-0.02,68.5152
22,37.16,513,9,6.35,13.47,23.69,22,1.69,150.4315
22,74.03,514,10,6.47,18.18,55.85,52,3.85,361.3495
22,106.57,515,11,5.95,21.09,85.48,85,0.48,508.606
22,118.46,516,12,5.03,22.57,95.89,98,-2.11,482.3267
22,156.06,517,13,4.71,25.33,130.73,128,2.73,615.7383
22,150.91,518,14,4.82,20.03,130.88,130,0.88,630.8416
22,206.2,519,15,5.27,19.82,186.38,185,1.38,982.2226
22,93.98,520,16,4.18,13.19,80.79,82,-1.21,337.7022
22,88.03,521,17,4.89,8.06,79.97,80,-0.03,391.0533
22,116.43,522,18,4.51,0.03,116.4,126,-9.6,524.964
22,133.52,523,19,4.73,0,133.52,130,3.52,631.5496
22,134.03,524,20,4.14,0,134.03,130,4.03,554.8842
22,87.95,525,21,4.08,0,87.95,91,-3.05,358.836
22,67.91,526,22,4.65,0,67.91,72,-4.09,315.7815
22,125.09,527,23,3.67,0,125.09,122,3.09,459.0803
22,79.77,528,24,2.64,0,79.77,94,-14.23,210.5928
23,46.59,529,1,2.04,0,46.59,52,-5.41,95.0436
23,39.48,530,2,2.07,0,39.48,40,-0.52,81.7236
23,48.19,531,3,2.07,0,48.19,54,-5.81,99.7533
23,20.91,532,4,2.09,0,20.91,25,-4.09,43.7019
23,19.3,533,5,2.4,0,19.3,23,-3.7,46.32
23,16.11,534,6,2.96,0,16.11,19,-2.89,47.6856
23,22.09,535,7,4.3,0.23,21.86,19,2.86,93.998
23,95.55,536,8,5.91,4.34,91.21,89,2.21,539.0511
23,112.74,537,9,5.38,7.41,105.33,95,10.33,566.6754
23,92.34,538,10,5.53,10.73,81.61,80,1.61,451.3033
23,102.2,539,11,4.87,8.6,93.6,96,-2.4,455.832
23,149.56,540,12,4.62,8.63,140.93,133,7.93,651.0966
23,20.56,541,13,4.71,9.68,10.88,14,-3.12,51.2448
23,45.96,542,14,4.86,10.27,35.69,36,-0.31,173.4534
23,29.75,543,15,4.23,8.02,21.73,20,1.73,91.9179
23,28.36,544,16,4.96,6.08,22.28,21,1.28,110.5088
23,44.32,545,17,4.1,1.99,42.33,43,-0.67,173.553
23,31.85,546,18,3.98,0,31.85,31,0.85,126.763
23,33.26,547,19,4.34,0,33.26,30,3.26,144.3484
23,54,548,20,4.11,0,54,52,2,221.94
23,56.04,549,21,4.06,0,56.04,50,6.04,227.5224
23,20.71,550,22,3.49,0,20.71,22,-1.29,72.2779
23,49.1,551,23,3.04,0,49.1,51,-1.9,149.264
23,52.46,552,24,2.37,0,52.46,58,-5.54,124.3302
24,106.97,553,1,2.87,0,106.97,106,0.97,307.0039
24,32.01,554,2,2.55,0,32.01,37,-4.99,81.6255
24,23.24,555,3,2.73,0,23.24,27,-3.76,63.4452
24,20.67,556,4,2.84,0,20.67,26,-5.33,58.7028
24,28.16,557,5,2.87,0,28.16,32,-3.84,80.8192
24,26.85,558,6,2.53,0,26.85,26,0.85,67.9305
24,23.77,559,7,4.46,0.33,23.44,21,2.44,104.5424
24,27.66,560,8,6.53,5.19,22.47,23,-0.53,146.7291
24,50.54,561,9,5.19,3.81,46.73,45,1.73,242.5287
24,98.21,562,10,4.99,6.05,92.16,84,8.16,459.8784
24,93.54,563,11,4.88,7.02,86.52,79,7.52,422.2176
24,19.98,564,12,4.04,9.32,10.66,14,-3.34,43.0664
24,24.22,565,13,5.01,7.79,16.43,15,1.43,82.3143
24,29.96,566,14,3.76,6.56,23.4,22,1.4,87.984
24,74.9,567,15,3.84,4.83,70.07,69,1.07,269.0688
24,121.68,568,16,3.89,5.27,116.41,116,0.41,452.8349
24,114.07,569,17,3.3,1.87,112.2,111,1.2,370.26
24,115.03,570,18,3.21,0,115.03,112,3.03,369.2463
24,77.32,571,19,3.83,0,77.32,76,1.32,296.1356
24,149,572,20,3.43,0,149,142,7,511.07
24,33.89,573,21,4.09,0,33.89,39,-5.11,138.6101
24,26.08,574,22,3.82,0,26.08,25,1.08,99.6256
24,45.73,575,23,3.13,0,45.73,48,-2.27,143.1349
24,50.18,576,24,2.9,0,50.18,52,-1.82,145.522
25,70.9,577,1,2.52,0,70.9,75,-4.1,178.668
25,31.62,578,2,2.55,0,31.62,34,-2.38,80.631
25,29.59,579,3,2.2,0,29.59,32,-2.41,65.098
25,20.34,580,4,2.53,0,20.34,24,-3.66,51.4602
25,17.54,581,5,2.33,0,17.54,23,-5.46,40.8682
25,25.93,582,6,2.45,0,25.93,29,-3.07,63.5285
25,32.23,583,7,2.86,0.23,32,29,3,91.52
25,15.9,584,8,4.61,9.85,6.05,7,-0.95,27.8905
25,25.89,585,9,4.23,18.53,7.36,9,-1.64,31.1328
25,79.84,586,10,3.78,18.75,61.09,63,-1.91,230.9202
25,31.34,587,11,4.33,23.16,8.18,7,1.18,35.4194
25,38.09,588,12,4.12,21.82,16.27,12,4.27,67.0324
25,65.91,589,13,3.78,18.84,47.07,43,4.07,177.9246
25,42.39,590,14,2.49,19.14,23.25,28,-4.75,57.8925
25,45.25,591,15,3.05,9.52,35.73,33,2.73,108.9765
25,69.26,592,16,3.66,8.24,61.02,58,3.02,223.3332
25,31.62,593,17,3.45,2.86,28.76,26,2.76,99.222
25,38.58,594,18,3.62,0,38.58,37,1.58,139.6596
25,74.9,595,19,4.07,0,74.9,72,2.9,304.843
25,89.84,596,20,3.47,0,89.84,89,0.84,311.7448
25,98.06,597,21,3.17,0,98.06,95,3.06,310.8502
25,97.18,598,22,4.11,0,97.18,94,3.18,399.4098
25,54.67,599,23,2.99,0,54.67,55,-0.33,163.4633
25,90.78,600,24,2.38,0,90.78,93,-2.22,216.0564
26,99.57,601,1,2.51,0,99.57,99,0.57,249.9207
26,74.81,602,2,2.56,0,74.81,78,-3.19,191.5136
26,53.41,603,3,2.43,0,53.41,57,-3.59,129.7863
26,31.63,604,4,2.46,0,31.63,33,-1.37,77.8098
26,18.97,605,5,2.92,0,18.97,23,-4.03,55.3924
26,16.5,606,6,3.03,0,16.5,16,0.5,49.995
26,18.56,607,7,3.39,0.15,18.41,17,1.41,62.4099
26,31.91,608,8,4.1,4.41,27.5,30,-2.5,112.75
26,26.34,609,9,3.81,8.58,17.76,18,-0.24,67.6656
26,23.56,610,10,4.41,10.02,13.54,13,0.54,59.7114
26,40.12,611,11,3.52,11.75,28.37,31,-2.63,99.8624
26,160.58,612,12,4.22,14.02,146.56,145,1.56,618.4832
26,56.3,613,13,3.78,12.16,44.14,43,1.14,166.8492
26,74.78,614,14,3.49,11.46,63.32,63,0.32,220.9868
26,114.91,615,15,3.37,8.84,106.07,94,12.07,357.4559
26,88.37,616,16,3.29,7.27,81.1,83,-1.9,266.819
26,102.05,617,17,3.78,3.15,98.9,99,-0.1,373.842
26,80.08,618,18,4.05,0,80.08,87,-6.92,324.324
26,134.75,619,19,3.86,0,134.75,128,6.75,520.135
26,137.55,620,20,3.48,0,137.55,133,4.55,478.674
26,212.38,621,21,3.39,0,212.38,206,6.38,719.9682
26,158.2,622,22,3.45,0,158.2,151,7.2,545.79
26,192.01,623,23,2.92,0,192.01,191,1.01,560.6692
26,173.47,624,24,2.79,0,173.47,177,-3.53,483.9813
27,109.73,625,1,2.93,0,109.73,109,0.73,321.5089
27,84.83,626,2,2.59,0,84.83,94,-9.17,219.7097
27,85.6,627,3,2.54,0,85.6,93,-7.4,217.424
27,95.41,628,4,2.25,0,95.41,99,-3.59,214.6725
27,75.48,629,5,2.33,0,75.48,82,-6.52,175.8684
27,161.68,630,6,3.01,0,161.68,161,0.68,486.6568
27,114.66,631,7,4.05,0.07,114.59,101,13.59,464.0895
27,17.55,632,8,3.89,3.05,14.5,18,-3.5,56.405
27,19.25,633,9,3.55,8.31,10.94,8,2.94,38.837
27,26.73,634,10,4.18,11.39,15.34,12,3.34,64.1212
27,28.19,635,11,3.21,14.44,13.75,12,1.75,44.1375
27,19.65,636,12,3.62,17.87,1.78,0,1.78,6.4436
27,22.25,637,13,3.03,18.03,4.22,2,2.22,12.7866
27,61.91,638,14,2.76,17.55,44.36,49,-4.64,122.4336
27,103.83,639,15,2.32,17.83,86,88,-2,199.52
27,34.32,640,16,1.9,11.51,22.81,28,-5.19,43.339
27,22.75,641,17,3.25,5.16,17.59,15,2.59,57.1675
27,29.97,642,18,2.98,0,29.97,27,2.97,89.3106
27,18.74,643,19,3.02,0,18.74,18,0.74,56.5948
27,24.74,644,20,2.9,0,24.74,22,2.74,71.746
27,20.31,645,21,2.66,0,20.31,21,-0.69,54.0246
27,81.15,646,22,2.37,0,81.15,93,-11.85,192.3255
27,75.38,647,23,2.24,0,75.38,82,-6.62,168.8512
27,134.4,648,24,2.22,0,134.4,133,1.4,298.368
28,83.63,649,1,2.29,0,83.63,94,-10.37,191.5127
28,93.56,650,2,2.55,0,93.56,93,0.56,238.578
28,88.13,651,3,2.41,0,88.13,91,-2.87,212.3933
28,62.09,652,4,2.44,0,62.09,66,-3.91,151.4996
28,18.3,653,5,2.42,0,18.3,20,-1.7,44.286
28,25.36,654,6,2.59,0,25.36,24,1.36,65.6824
28,25.06,655,7,3.79,0.18,24.88,22,2.88,94.2952
28,22.88,656,8,4.4,5.5,17.38,16,1.38,76.472
28,20.24,657,9,4.12,12.1,8.14,7,1.14,33.5368
28,64.63,658,10,4.24,11.63,53,52,1,224.72
28,24.86,659,11,3.33,13.35,11.51,10,1.51,38.3283
28,27.96,660,12,3.62,17.11,10.85,12,-1.15,39.277
28,38.9,661,13,3.63,16.9,22,18,4,79.86
28,112.59,662,14,3.12,15.22,97.37,85,12.37,303.7944
28,89.63,663,15,3.62,16.58,73.05,73,0.05,264.441
28,86.69,664,16,3.03,17.07,69.62,77,-7.38,210.9486
28,95.22,665,17,3.34,9.1,86.12,87,-0.88,287.6408
28,94.54,666,18,3.29,0.06,94.48,90,4.48,310.8392
28,38.38,667,19,3.63,0,38.38,36,2.38,139.3194
28,21.33,668,20,3.57,0,21.33,20,1.33,76.1481
28,28.46,669,21,3.68,0,28.46,28,0.46,104.7328
28,68.94,670,22,3.22,0,68.94,69,-0.06,221.9868
28,91.36,671,23,3.28,0,91.36,89,2.36,299.6608
28,78.62,672,24,2.83,0,78.62,78,0.62,222.4946
29,38.7,673,1,2.99,0,38.7,38,0.7,115.713
29,59.68,674,2,2.87,0,59.68,65,-5.32,171.2816
29,58.21,675,3,2.78,0,58.21,65,-6.79,161.8238
29,23.19,676,4,2.72,0,23.19,27,-3.81,63.0768
29,17.58,677,5,2.77,0,17.58,23,-5.42,48.6966
29,24.52,678,6,2.7,0,24.52,28,-3.48,66.204
29,35.2,679,7,4.27,0.26,34.94,30,4.94,149.1938
29,67.25,680,8,5.05,8.31,58.94,59,-0.06,297.647
29,109.58,681,9,4.62,13.27,96.31,90,6.31,444.9522
29,132.79,682,10,3.87,17.49,115.3,108,7.3,446.211
29,58.14,683,11,3.34,19.55,38.59,43,-4.41,128.8906
29,25.75,684,12,4.27,23.25,2.5,4,-1.5,10.675
29,18.26,685,13,3.57,14.57,3.69,2,1.69,13.1733
29,30.1,686,14,3.87,12.77,17.33,13,4.33,67.0671
29,22.09,687,15,4.23,6.81,15.28,12,3.28,64.6344
29,26.06,688,16,2.1,2.85,23.21,27,-3.79,48.741
29,23.83,689,17,2.62,1.25,22.58,27,-4.42,59.1596
29,44.77,690,18,3.17,0,44.77,45,-0.23,141.9209
29,63.54,691,19,3.43,0,63.54,65,-1.46,217.9422
29,76.37,692,20,3.39,0,76.37,71,5.37,258.8943
29,89.19,693,21,3.92,0,89.19,95,-5.81,349.6248
29,210.99,694,22,3.45,0,210.99,199,11.99,727.9155
29,45.89,695,23,3.16,0,45.89,51,-5.11,145.0124
29,24.92,696,24,3.06,0,24.92,30,-5.08,76.2552
30,26.25,697,1,2.96,0,26.25,30,-3.75,77.7
30,53.71,698,2,2.48,0,53.71,55,-1.29,133.2008
30,33.9,699,3,2.59,0,33.9,38,-4.1,87.801
30,18.26,700,4,3,0,18.26,23,-4.74,54.78
30,25.92,701,5,2.77,0,25.92,30,-4.08,71.7984
30,22.35,702,6,2.93,0,22.35,21,1.35,65.4855
30,52.06,703,7,3.25,0.14,51.92,53,-1.08,168.74
30,124.52,704,8,3.55,4.18,120.34,118,2.34,427.207
30,282.54,705,9,4.74,7.01,275.53,266,9.53,1306.0122
30,120.34,706,10,3.75,10.5,109.84,125,-15.16,411.9
30,246.97,707,11,3.65,13.07,233.9,221,12.9,853.735
30,183.23,708,12,3.63,13.13,170.1,162,8.1,617.463
30,126.04,709,13,4.31,14.81,111.23,112,-0.77,479.4013
30,142.77,710,14,4,10.05,132.72,132,0.72,530.88
30,43.35,711,15,3.77,11,32.35,33,-0.65,121.9595
30,41.99,712,16,3.23,6.51,35.48,39,-3.52,114.6004
30,25.44,713,17,2.81,2.01,23.43,26,-2.57,65.8383
30,40.76,714,18,3.89,0,40.76,39,1.76,158.5564
30,97,715,19,3.63,0,97,97,0,352.11
30,232.75,716,20,3.64,0,232.75,226,6.75,847.21
30,295.08,717,21,3.76,0,295.08,290,5.08,1109.5008
30,184.94,718,22,3.65,0,184.94,180,4.94,675.031
30,128.8,719,23,3.77,0,128.8,126,2.8,485.576
30,38.02,720,24,2.86,0,38.02,44,-5.98,108.7372
31,32.55,721,1,2.95,0,32.55,36,-3.45,96.0225
31,19.81,722,2,2.82,0,19.81,24,-4.19,55.8642
31,19.96,723,3,2.77,0,19.96,25,-5.04,55.2892
31,26.21,724,4,2.61,0,26.21,30,-3.79,68.4081
31,30.64,725,5,2.93,0,30.64,34,-3.36,89.7752
31,21.98,726,6,3.35,0,21.98,21,0.98,73.633
31,49.51,727,7,3.44,0.18,49.33,53,-3.67,169.6952
31,147.38,728,8,4.34,5.35,142.03,139,3.03,616.4102
31,95.95,729,9,4.36,7.44,88.51,87,1.51,385.9036
31,88.49,730,10,4.6,11.13,77.36,76,1.36,355.856
31,75.86,731,11,3.9,12.42,63.44,61,2.44,247.416
31,94.66,732,12,4.25,12.71,81.95,79,2.95,348.2875
31,113.13,733,13,3.56,12.43,100.7,89,11.7,358.492
31,105.88,734,14,4.33,14.23,91.65,92,-0.35,396.8445
31,99.74,735,15,3.68,14.25,85.49,79,6.49,314.6032
31,92.19,736,16,3.72,11.73,80.46,80,0.46,299.3112
31,44.88,737,17,3.94,5.51,39.37,43,-3.63,155.1178
31,51.85,738,18,4.12,0,51.85,48,3.85,213.622
31,62.47,739,19,3.91,0,62.47,62,0.47,244.2577
31,120.59,740,20,3.35,0,120.59,122,-1.41,403.9765
31,150.47,741,21,4.27,0,150.47,149,1.47,642.5069
31,125.01,742,22,3.37,0,125.01,125,0.01,421.2837
31,78.3,743,23,3.2,0,78.3,75,3.3,250.56
31,20.93,744,24,3.03,0,20.93,28,-7.07,63.4179
32,18.7,745,1,2.7,0,18.7,23,-4.3,50.49
32,32.31,746,2,2.48,0,32.31,37,-4.69,80.1288
32,53.27,747,3,2.38,0,53.27,54,-0.73,126.7826
32,21.22,748,4,2.54,0,21.22,25,-3.78,53.8988
32,19.45,749,5,2.42,0,19.45,24,-4.55,47.069
32,30.28,750,6,3.8,0,30.28,28,2.28,115.064
32,43.01,751,7,5.49,0.11,42.9,40,2.9,235.521
32,136.82,752,8,6.64,4.6,132.22,123,9.22,877.9408
32,127.71,753,9,5.94,8.15,119.56,114,5.56,710.1864
32,80.13,754,10,5.29,10.33,69.8,76,-6.2,369.242
32,80.61,755,11,4.95,19.18,61.43,72,-10.57,304.0785
32,137.85,756,12,3.95,18.46,119.39,110,9.39,471.5905
32,122.49,757,13,3.73,15.97,106.52,102,4.52,397.3196
32,63.65,758,14,2.97,18.81,44.84,53,-8.16,133.1748
32,31.53,759,15,3.13,11.12,20.41,25,-4.59,63.8833
32,119.77,760,16,3.1,9.98,109.79,118,-8.21,340.349
32,115.9,761,17,3.87,4.04,111.86,119,-7.14,432.8982
32,96.19,762,18,3.7,0,96.19,97,-0.81,355.903
32,137.92,763,19,3.85,0,137.92,128,9.92,530.992
32,128.79,764,20,3.88,0,128.79,124,4.79,499.7052
32,67.12,765,21,3.32,0,67.12,69,-1.88,222.8384
32,75.58,766,22,3.37,0,75.58,70,5.58,254.7046
32,69.85,767,23,3.05,0,69.85,72,-2.15,213.0425
32,33.83,768,24,2.62,0,33.83,36,-2.17,88.6346
33,34.3,769,1,2.38,0,34.3,39,-4.7,81.634
33,24.1,770,2,2.3,0,24.1,28,-3.9,55.43
33,22.76,771,3,2.54,0,22.76,26,-3.24,57.8104
33,21.36,772,4,2.41,0,21.36,26,-4.64,51.4776
33,26.96,773,5,2.49,0,26.96,30,-3.04,67.1304
33,19.1,774,6,2.53,0,19.1,22,-2.9,48.323
33,20.29,775,7,3.24,0.02,20.27,19,1.27,65.6748
33,54.95,776,8,5.35,1.64,53.31,48,5.31,285.2085
33,35.33,777,9,5.95,3.27,32.06,31,1.06,190.757
33,83.25,778,10,5.03,6.31,76.94,79,-2.06,387.0082
33,121.09,779,11,4.76,7.9,113.19,113,0.19,538.7844
33,109.97,780,12,4.12,8.31,101.66,96,5.66,418.8392
33,90.66,781,13,3.72,7.1,83.56,82,1.56,310.8432
33,84.34,782,14,3.14,8.26,76.08,85,-8.92,238.8912
33,96.29,783,15,3.47,6.12,90.17,95,-4.83,312.8899
33,118.88,784,16,4.1,3.86,115.02,113,2.02,471.582
33,72.44,785,17,4.3,1.81,70.63,73,-2.37,303.709
33,68.12,786,18,4.41,0,68.12,69,-0.88,300.4092
33,112.72,787,19,4.32,0,112.72,105,7.72,486.9504
33,116.05,788,20,4.39,0,116.05,124,-7.95,509.4595
33,131.56,789,21,4.22,0,131.56,127,4.56,555.1832
33,103.26,790,22,3.36,0,103.26,105,-1.74,346.9536
33,82.97,791,23,3.46,0,82.97,88,-5.03,287.0762
33,25.81,792,24,2.15,0,25.81,32,-6.19,55.4915
34,20.66,793,1,2.56,0,20.66,26,-5.34,52.8896
34,22.06,794,2,2.28,0,22.06,25,-2.94,50.2968
34,21.26,795,3,2.26,0,21.26,26,-4.74,48.0476
34,63.87,796,4,1.89,0,63.87,66,-2.13,120.7143
34,18.27,797,5,2.04,0,18.27,23,-4.73,37.2708
34,21.69,798,6,3.71,0,21.69,21,0.69,80.4699
34,61.54,799,7,5.27,0.06,61.48,61,0.48,323.9996
34,177.69,800,8,6.83,3.62,174.07,167,7.07,1188.8981
34,119.78,801,9,5.74,7,112.78,115,-2.22,647.3572
34,80.23,802,10,7.25,10.74,69.49,76,-6.51,503.8025
34,80.19,803,11,7.59,13.83,66.36,73,-6.64,503.6724
34,81.27,804,12,5.33,16.26,65.01,71,-5.99,346.5033
34,85.28,805,13,5.45,15.42,69.86,73,-3.14,380.737
34,111.86,806,14,4.78,11.83,100.03,94,6.03,478.1434
34,81.16,807,15,5.28,8.4,72.76,79,-6.24,384.1728
34,51.92,808,16,3.23,6.97,44.95,50,-5.05,145.1885
34,26.76,809,17,3.47,2.19,24.57,23,1.57,85.2579
34,42.4,810,18,3.55,0,42.4,41,1.4,150.52
34,85.96,811,19,4.55,0,85.96,88,-2.04,391.118
34,120.52,812,20,3.2,0,120.52,126,-5.48,385.664
34,135.5,813,21,3.93,0,135.5,132,3.5,532.515
34,173.51,814,22,3.61,0,173.51,172,1.51,626.3711
34,112.09,815,23,3.03,0,112.09,111,1.09,339.6327
34,30.22,816,24,2.06,0,30.22,37,-6.78,62.2532
35,23.4,817,1,3.23,0,23.4,27,-3.6,75.582
35,18.6,818,2,2.91,0,18.6,23,-4.4,54.126
35,18.01,819,3,3.15,0,18.01,22,-3.99,56.7315
35,17.22,820,4,3.24,0,17.22,22,-4.78,55.7928
35,19.5,821,5,3.29,0,19.5,21,-1.5,64.155
35,24.92,822,6,4.1,0,24.92,26,-1.08,102.172
35,93.31,823,7,6.23,0.12,93.19,87,6.19,580.5737
35,129.12,824,8,7.85,4.27,124.85,123,1.85,980.0725
35,116.62,825,9,6.32,8.46,108.16,114,-5.84,683.5712
35,100.63,826,10,7.04,9.93,90.7,83,7.7,638.528
35,61.42,827,11,5.77,7.8,53.62,55,-1.38,309.3874
35,85.27,828,12,4.99,8.12,77.15,75,2.15,384.9785
35,84.02,829,13,4.45,10.97,73.05,76,-2.95,325.0725
35,59.8,830,14,4.81,12.93,46.87,47,-0.13,225.4447
35,34.47,831,15,4.01,13.07,21.4,25,-3.6,85.814
35,30.99,832,16,5.02,11.89,19.1,18,1.1,95.882
35,33.72,833,17,4.78,3.44,30.28,33,-2.72,144.7384
35,139.06,834,18,5.31,0,139.06,142,-2.94,738.4086
35,166.01,835,19,4.39,0,166.01,174,-7.99,728.7839
35,165.53,836,20,3.97,0,165.53,174,-8.47,657.1541
35,204.42,837,21,4.02,0,204.42,207,-2.58,821.7684
35,193.1,838,22,4.06,0,193.1,194,-0.9,783.986
35,159.34,839,23,3.07,0,159.34,169,-9.66,489.1738
35,78.98,840,24,2.47,0,78.98,94,-15.02,195.0806
36,52.55,841,1,3.3,0,52.55,57,-4.45,173.415
36,28.03,842,2,3.08,0,28.03,32,-3.97,86.3324
36,17.76,843,3,3.16,0,17.76,22,-4.24,56.1216
36,20.61,844,4,3.49,0,20.61,20,0.61,71.9289
36,18.01,845,5,3.62,0,18.01,21,-2.99,65.1962
36,23.56,846,6,2.76,0,23.56,27,-3.44,65.0256
36,42.33,847,7,5.56,0.16,42.17,40,2.17,234.4652
36,150.23,848,8,6.36,6.67,143.56,140,3.56,913.0416
36,160.82,849,9,7.13,15.33,145.49,148,-2.51,1037.3437
36,101.86,850,10,6.14,13.64,88.22,91,-2.78,541.6708
36,217.96,851,11,5.72,16.64,201.32,196,5.32,1151.5504
36,224.22,852,12,5.71,16.46,207.76,197,10.76,1186.3096
36,99.3,853,13,4.8,15.99,83.31,81,2.31,399.888
36,137.46,854,14,4.1,10.06,127.4,123,4.4,522.34
36,134.67,855,15,4,6,128.67,120,8.67,514.68
36,98.63,856,16,3.98,5.54,93.09,90,3.09,370.4982
36,97.54,857,17,4.14,2.12,95.42,93,2.42,395.0388
36,82.45,858,18,4.39,0,82.45,86,-3.55,361.9555
36,91.18,859,19,3.88,0,91.18,89,2.18,353.7784
36,58.7,860,20,3.56,0,58.7,65,-6.3,208.972
36,24.06,861,21,4.32,0,24.06,23,1.06,103.9392
36,23.49,862,22,3.66,0,23.49,24,-0.51,85.9734
36,24.91,863,23,3.12,0,24.91,32,-7.09,77.7192
36,81.16,864,24,2.73,0,81.16,90,-8.84,221.5668
37,35.74,865,1,3.09,0,35.74,41,-5.26,110.4366
37,18.47,866,2,3.7,0,18.47,19,-0.53,68.339
37,21.39,867,3,3.11,0,21.39,25,-3.61,66.5229
37,20.7,868,4,3.49,0,20.7,25,-4.3,72.243
37,20.86,869,5,2.97,0,20.86,25,-4.14,61.9542
37,21.19,870,6,3.37,0,21.19,23,-1.81,71.4103
37,78.88,871,7,5.43,0.1,78.78,82,-3.22,427.7754
37,36.08,872,8,7.11,4.83,31.25,33,-1.75,222.1875
37,46.24,873,9,6.15,9.67,36.57,33,3.57,224.9055
37,67.85,874,10,7.39,17.15,50.7,49,1.7,374.673
37,85.97,875,11,6.25,17.66,68.31,69,-0.69,426.9375
37,176.21,876,12,4.5,18.02,158.19,151,7.19,711.855
37,128.57,877,13,5.46,21.11,107.46,109,-1.54,586.7316
37,83.35,878,14,4.18,16.71,66.64,78,-11.36,278.5552
37,100.78,879,15,5.1,13.89,86.89,89,-2.11,443.139
37,165.06,880,16,5.25,9.65,155.41,153,2.41,815.9025
37,138.84,881,17,5.31,5.38,133.46,143,-9.54,708.6726
37,145.35,882,18,4.31,0,145.35,145,0.35,626.4585
37,81.39,883,19,4.8,0,81.39,87,-5.61,390.672
37,103.39,884,20,4.19,0,103.39,104,-0.61,433.2041
37,114.25,885,21,4.55,0,114.25,104,10.25,519.8375
37,59.6,886,22,3.41,0,59.6,65,-5.4,203.236
37,28.62,887,23,3.75,0,28.62,29,-0.38,107.325
37,15.4,888,24,2.74,0,15.4,23,-7.6,42.196
38,52.96,889,1,2.69,0,52.96,53,-0.04,142.4624
38,16.94,890,2,3.04,0,16.94,23,-6.06,51.4976
38,22.67,891,3,2.77,0,22.67,26,-3.33,62.7959
38,17.63,892,4,2.97,0,17.63,22,-4.37,52.3611
38,14.71,893,5,2.47,0,14.71,20,-5.29,36.3337
38,17.3,894,6,3.49,0,17.3,18,-0.7,60.377
38,43.27,895,7,6.27,0.15,43.12,40,3.12,270.3624
38,156.97,896,8,8.39,8.95,148.02,138,10.02,1241.8878
38,151.12,897,9,8.38,13.54,137.58,132,5.58,1152.9204
38,107.14,898,10,7.66,20.03,87.11,86,1.11,667.2626
38,105.24,899,11,8.03,21.31,83.93,79,4.93,673.9579
38,80.48,900,12,5.55,22.36,58.12,64,-5.88,322.566
38,79.18,901,13,6.29,22.92,56.26,64,-7.74,353.8754
38,48.68,902,14,5.58,18.47,30.21,33,-2.79,168.5718
38,73.87,903,15,5.53,17.86,56.01,56,0.01,309.7353
38,109.64,904,16,4.57,12.36,97.28,99,-1.72,444.5696
38,75.7,905,17,4.95,5.47,70.23,76,-5.77,347.6385
38,161.31,906,18,5.21,0,161.31,161,0.31,840.4251
38,146.66,907,19,5.38,0,146.66,147,-0.34,789.0308
38,125.05,908,20,4.47,0,125.05,126,-0.95,558.9735
38,100.13,909,21,4.37,0,100.13,96,4.13,437.5681
38,71.53,910,22,4.36,0,71.53,73,-1.47,311.8708
38,17.34,911,23,3.02,0,17.34,24,-6.66,52.3668
38,40.61,912,24,2.73,0,40.61,46,-5.39,110.8653
39,39.91,913,1,3.55,0,39.91,44,-4.09,141.6805
39,47.83,914,2,3.57,0,47.83,50,-2.17,170.7531
39,20.99,915,3,3.17,0,20.99,25,-4.01,66.5383
39,15.48,916,4,3.38,0,15.48,21,-5.52,52.3224
39,17.96,917,5,3.66,0,17.96,20,-2.04,65.7336
39,23.72,918,6,3.54,0,23.72,23,0.72,83.9688
39,30.15,919,7,5.63,0.11,30.04,29,1.04,169.1252
39,122.07,920,8,6.86,4.52,117.55,115,2.55,806.393
39,96.21,921,9,7.6,6.46,89.75,85,4.75,682.1
39,49.37,922,10,7.9,12,37.37,37,0.37,295.223
39,28.62,923,11,5.03,16.14,12.48,8,4.48,62.7744
39,59.48,924,12,4.9,21.63,37.85,40,-2.15,185.465
39,60.33,925,13,4.24,19.79,40.54,45,-4.46,171.8896
39,137.54,926,14,4.47,19.27,118.27,114,4.27,528.6669
39,128.92,927,15,4.71,15.66,113.26,112,1.26,533.4546
39,142.01,928,16,4.96,12.88,129.13,136,-6.87,640.4848
39,200.21,929,17,5.21,5.57,194.64,185,9.64,1014.0744
39,157.89,930,18,5.4,0,157.89,146,11.89,852.606
39,94.9,931,19,4.9,0,94.9,95,-0.1,465.01
39,132.97,932,20,4.9,0,132.97,127,5.97,651.553
39,105.29,933,21,4.22,0,105.29,108,-2.71,444.3238
39,88.31,934,22,4.21,0,88.31,89,-0.69,371.7851
39,92.31,935,23,3.43,0,92.31,92,0.31,316.6233
39,96.06,936,24,2.81,0,96.06,100,-3.94,269.9286
40,97.53,937,1,2.85,0,97.53,99,-1.47,277.9605
40,107.5,938,2,3.1,0,107.5,108,-0.5,333.25
40,57.88,939,3,3.35,0,57.88,67,-9.12,193.898
40,32.52,940,4,2.82,0,32.52,35,-2.48,91.7064
40,19.5,941,5,2.8,0,19.5,24,-4.5,54.6
40,19.26,942,6,3.6,0,19.26,18,1.26,69.336
40,14.77,943,7,5.6,0.11,14.66,13,1.66,82.096
40,19.67,944,8,6.66,6.25,13.42,13,0.42,89.3772
40,33.58,945,9,7.44,11.97,21.61,20,1.61,160.7784
40,57.37,946,10,5.29,16.06,41.31,45,-3.69,218.5299
40,75.91,947,11,5.58,16.31,59.6,53,6.6,332.568
40,55,948,12,4.24,18.59,36.41,35,1.41,154.3784
40,92.65,949,13,5.15,19.64,73.01,68,5.01,376.0015
40,77.2,950,14,5.57,13.36,63.84,60,3.84,355.5888
40,88.17,951,15,5.7,8.93,79.24,83,-3.76,451.668
40,251.85,952,16,4.82,8.9,242.95,235,7.95,1171.019
40,181.59,953,17,4.12,4.74,176.85,177,-0.15,728.622
40,135.26,954,18,4.63,0,135.26,130,5.26,626.2538
40,145.49,955,19,5.92,0,145.49,145,0.49,861.3008
40,76.46,956,20,4.77,0,76.46,76,0.46,364.7142
40,156.43,957,21,4.92,0,156.43,150,6.43,769.6356
40,151.87,958,22,4.13,0,151.87,149,2.87,627.2231
40,60.75,959,23,3.43,0,60.75,65,-4.25,208.3725
40,22.05,960,24,3.16,0,22.05,26,-3.95,69.678
41,17.16,961,1,2.8,0,17.16,22,-4.84,48.048
41,20.02,962,2,3,0,20.02,24,-3.98,60.06
41,19.38,963,3,3.04,0,19.38,24,-4.62,58.9152
41,31.84,964,4,2.98,0,31.84,36,-4.16,94.8832
41,37.25,965,5,2.56,0,37.25,39,-1.75,95.36
41,19.11,966,6,3.08,0,19.11,21,-1.89,58.8588
41,57.16,967,7,4.65,0.04,57.12,53,4.12,265.608
41,171.65,968,8,5.02,2.99,168.66,165,3.66,846.6732
41,96.49,969,9,5.37,6.74,89.75,87,2.75,481.9575
41,84.76,970,10,5.12,10.26,74.5,74,0.5,381.44
41,70.7,971,11,4.51,13.03,57.67,62,-4.33,260.0917
41,73.62,972,12,4.14,12.16,61.46,63,-1.54,254.4444
41,171.74,973,13,4.34,15.12,156.62,158,-1.38,679.7308
41,193.02,974,14,4.59,16.03,176.99,170,6.99,812.3841
41,23.21,975,15,4.86,21,2.21,7,-4.79,10.7406
41,22.02,976,16,4.34,15.21,6.81,5,1.81,29.5554
41,26.53,977,17,4.94,8.5,18.03,15,3.03,89.0682
41,47.76,978,18,4.29,0,47.76,45,2.76,204.8904
41,80.63,979,19,4.97,0,80.63,85,-4.37,400.7311
41,96.6,980,20,4.26,0,96.6,98,-1.4,411.516
41,192.05,981,21,3.97,0,192.05,187,5.05,762.4385
41,83.27,982,22,3.8,0,83.27,90,-6.73,316.426
41,68.28,983,23,3.44,0,68.28,71,-2.72,234.8832
41,34.04,984,24,3.14,0,34.04,38,-3.96,106.8856
42,20.91,985,1,2.91,0,20.91,25,-4.09,60.8481
42,18.92,986,2,2.73,0,18.92,24,-5.08,51.6516
42,62.66,987,3,2.76,0,62.66,65,-2.34,172.9416
42,15.56,988,4,3.06,0,15.56,21,-5.44,47.6136
42,15.85,989,5,3.19,0,15.85,21,-5.15,50.5615
42,18.34,990,6,3.98,0,18.34,20,-1.66,72.9932
42,84.3,991,7,5.72,0.09,84.21,85,-0.79,481.6812
42,153.66,992,8,5.48,4.08,149.58,142,7.58,819.6984
42,102.52,993,9,6.53,4.22,98.3,97,1.3,641.899
42,101.2,994,10,6.82,6.26,94.94,95,-0.06,647.4908
42,84.4,995,11,5.43,7.2,77.2,76,1.2,419.196
42,49.43,996,12,4.96,8.58,40.85,42,-1.15,202.616
42,21.09,997,13,4.95,7.82,13.27,13,0.27,65.6865
42,21.01,998,14,4.66,6.29,14.72,19,-4.28,68.5952
42,18.65,999,15,5.25,5.27,13.38,10,3.38,70.245
42,17.62,1000,16,4.84,3.23,14.39,14,0.39,69.6476
42,34.52,1001,17,5.23,0.77,33.75,34,-0.25,176.5125
42,85.92,1002,18,5.17,0,85.92,89,-3.08,444.2064
42,116.74,1003,19,6.34,0,116.74,123,-6.26,740.1316
42,112.21,1004,20,5.1,0,112.21,107,5.21,572.271
42,129.07,1005,21,4.25,0,129.07,131,-1.93,548.5475
42,141.82,1006,22,3.77,0,141.82,145,-3.18,534.6614
42,51.44,1007,23,3.85,0,51.44,56,-4.56,198.044
42,34.61,1008,24,2.87,0,34.61,39,-4.39,99.3307
43,24.51,1009,1,3.22,0,24.51,28,-3.49,78.9222
43,18.57,1010,2,3.31,0,18.57,23,-4.43,61.4667
43,21.86,1011,3,3.06,0,21.86,25,-3.14,66.8916
43,19.87,1012,4,3.01,0,19.87,25,-5.13,59.8087
43,34.99,1013,5,3.29,0,34.99,38,-3.01,115.1171
43,43.84,1014,6,3.83,0,43.84,46,-2.16,167.9072
43,61.29,1015,7,5.8,0.13,61.16,64,-2.84,354.728
43,177.11,1016,8,5.43,3.9,173.21,165,8.21,940.5303
43,86.64,1017,9,5.51,3.81,82.83,83,-0.17,456.3933
43,69.24,1018,10,5.47,6.94,62.3,62,0.3,340.781
43,78.21,1019,11,6.11,7.14,71.07,65,6.07,434.2377
43,91.78,1020,12,4.55,9.52,82.26,78,4.26,374.283
43,87.44,1021,13,4.72,8.63,78.81,77,1.81,371.9832
43,46.47,1022,14,4.54,6.16,40.31,42,-1.69,183.0074
43,18.77,1023,15,5.32,5.59,13.18,14,-0.82,70.1176
43,26.97,1024,16,5.39,2.99,23.98,22,1.98,129.2522
43,48.56,1025,17,5.43,0.91,47.65,47,0.65,258.7395
43,70.03,1026,18,5.33,0,70.03,69,1.03,373.2599
43,92.07,1027,19,6.8,0,92.07,87,5.07,626.076
43,131.78,1028,20,4.69,0,131.78,130,1.78,618.0482
43,120.2,1029,21,4.31,0,120.2,124,-3.8,518.062
43,111.76,1030,22,4.05,0,111.76,107,4.76,452.628
43,64.5,1031,23,3.67,0,64.5,68,-3.5,236.715
43,34.76,1032,24,2.73,0,34.76,40,-5.24,94.8948
44,30.41,1033,1,2.78,0,30.41,32,-1.59,84.5398
44,20.5,1034,2,3.05,0,20.5,25,-4.5,62.525
44,28.27,1035,3,2.92,0,28.27,32,-3.73,82.5484
44,64.7,1036,4,3.03,0,64.7,68,-3.3,196.041
44,31.05,1037,5,2.91,0,31.05,34,-2.95,90.3555
44,23.95,1038,6,4.1,0,23.95,23,0.95,98.195
44,60.19,1039,7,6.01,0,60.19,61,-0.81,361.7419
44,169.68,1040,8,5.88,1.49,168.19,168,0.19,988.9572
44,94.44,1041,9,6.89,3.25,91.19,87,4.19,628.2991
44,71.2,1042,10,7.58,8.61,62.59,64,-1.41,474.4322
44,73.31,1043,11,6.76,10.63,62.68,60,2.68,423.7168
44,82.08,1044,12,6.05,12.58,69.5,79,-9.5,420.475
44,104.06,1045,13,4.46,9.81,94.25,93,1.25,420.355
44,53.43,1046,14,4.56,11.54,41.89,40,1.89,191.0184
44,24.09,1047,15,5.5,7.53,16.56,15,1.56,91.08
44,21.78,1048,16,3.98,4.4,17.38,14,3.38,69.1724
44,25.31,1049,17,4.31,0.89,24.42,24,0.42,105.2502
44,32.36,1050,18,4.72,0,32.36,34,-1.64,152.7392
44,146.26,1051,19,4.55,0,146.26,147,-0.74,665.483
44,155.86,1052,20,3.65,0,155.86,153,2.86,568.889
44,124.42,1053,21,3.55,0,124.42,126,-1.58,441.691
44,108.33,1054,22,3.69,0,108.33,106,2.33,399.7377
44,49.82,1055,23,3.27,0,49.82,58,-8.18,162.9114
44,28.56,1056,24,2.99,0,28.56,33,-4.44,85.3944
45,21.38,1057,1,2.64,0,21.38,25,-3.62,56.4432
45,15.8,1058,2,2.67,0,15.8,22,-6.2,42.186
45,54.93,1059,3,2.46,0,54.93,54,0.93,135.1278
45,20.69,1060,4,2.77,0,20.69,25,-4.31,57.3113
45,18.81,1061,5,2.49,0,18.81,22,-3.19,46.8369
45,15.72,1062,6,3.08,0,15.72,19,-3.28,48.4176
45,44.79,1063,7,3.3,0,44.79,47,-2.21,147.807
45,119.47,1064,8,3.84,1.18,118.29,120,-1.71,454.2336
45,78.88,1065,9,4.15,3.07,75.81,85,-9.19,314.6115
45,71.54,1066,10,4.39,10.38,61.16,63,-1.84,268.4924
45,75.61,1067,11,4.77,15.06,60.55,58,2.55,288.8235
45,94.29,1068,12,3.99,16.91,77.38,76,1.38,308.7462
45,89.59,1069,13,3.89,15.39,74.2,73,1.2,288.638
45,90.74,1070,14,3.47,18.09,72.65,74,-1.35,252.0955
45,98.25,1071,15,4.14,13.27,84.98,82,2.98,351.8172
45,88.67,1072,16,3.55,9.2,79.47,80,-0.53,282.1185
45,100.92,1073,17,3.71,3.68,97.24,96,1.24,360.7604
45,46.12,1074,18,3.78,0,46.12,46,0.12,174.3336
45,52.64,1075,19,4.09,0,52.64,48,4.64,215.2976
45,70.95,1076,20,3.83,0,70.95,73,-2.05,271.7385
45,103.44,1077,21,3.91,0,103.44,101,2.44,404.4504
45,120.68,1078,22,3.68,0,120.68,120,0.68,444.1024
45,38.94,1079,23,3.27,0,38.94,40,-1.06,127.3338
45,22.36,1080,24,2.59,0,22.36,27,-4.64,57.9124
46,17.76,1081,1,2.61,0,17.76,22,-4.24,46.3536
46,17.88,1082,2,2.89,0,17.88,23,-5.12,51.6732
46,24.48,1083,3,2.47,0,24.48,27,-2.52,60.4656
46,17.23,1084,4,2.43,0,17.23,22,-4.77,41.8689
46,20.19,1085,5,2.48,0,20.19,25,-4.81,50.0712
46,53.23,1086,6,3.25,0,53.23,51,2.23,172.9975
46,42.93,1087,7,4.18,0.14,42.79,42,0.79,178.8622
46,165.78,1088,8,4.79,9.38,156.4,160,-3.6,749.156
46,114.19,1089,9,5.37,14.58,99.61,92,7.61,534.9057
46,117.37,1090,10,6.02,15.91,101.46,103,-1.54,610.7892
46,70.99,1091,11,4.69,15.81,55.18,60,-4.82,258.7942
46,156,1092,12,4.21,18.47,137.53,124,13.53,579.0013
46,64.56,1093,13,4.32,20.45,44.11,48,-3.89,190.5552
46,71.8,1094,14,3.49,18.85,52.95,50,2.95,184.7955
46,56.8,1095,15,4.19,17.12,39.68,35,4.68,166.2592
46,84.62,1096,16,3.57,11.65,72.97,75,-2.03,260.5029
46,93.69,1097,17,3.54,5.24,88.45,86,2.45,313.113
46,99.17,1098,18,3.47,0,99.17,94,5.17,344.1199
46,288.15,1099,19,4.3,0,288.15,287,1.15,1239.045
46,216.43,1100,20,3.81,0,216.43,220,-3.57,824.5983
46,127.99,1101,21,3.78,0,127.99,132,-4.01,483.8022
46,116.49,1102,22,3.4,0,116.49,125,-8.51,396.066
46,80.27,1103,23,2.74,0,80.27,90,-9.73,219.9398
46,41.55,1104,24,2.63,0,41.55,47,-5.45,109.2765
47,19.73,1105,1,1.75,0,19.73,23,-3.27,34.5275
47,18.54,1106,2,1.6,0,18.54,23,-4.46,29.664
47,15.6,1107,3,1.52,0,15.6,21,-5.4,23.712
47,17.04,1108,4,1.59,0,17.04,22,-4.96,27.0936
47,22.56,1109,5,1.75,0,22.56,27,-4.44,39.48
47,15.51,1110,6,2.26,0,15.51,18,-2.49,35.0526
47,62.97,1111,7,4.11,0.06,62.91,61,1.91,258.5601
47,134.29,1112,8,4.13,5.49,128.8,122,6.8,531.944
47,147.43,1113,9,4.63,11.16,136.27,133,3.27,630.9301
47,78.03,1114,10,4.53,10.61,67.42,66,1.42,305.4126
47,162.15,1115,11,3.67,11.8,150.35,150,0.35,551.7845
47,167.68,1116,12,3.2,12.81,154.87,158,-3.13,495.584
47,104.03,1117,13,3.11,14.66,89.37,93,-3.63,277.9407
47,122.11,1118,14,2.76,12.67,109.44,114,-4.56,302.0544
47,100.07,1119,15,2.75,10.32,89.75,90,-0.25,246.8125
47,85.05,1120,16,3.75,10.73,74.32,77,-2.68,278.7
47,44.83,1121,17,3.24,5.34,39.49,42,-2.51,127.9476
47,42.76,1122,18,3.75,0,42.76,43,-0.24,160.35
47,203.72,1123,19,3.68,0,203.72,186,17.72,749.6896
47,146.27,1124,20,3.77,0,146.27,144,2.27,551.4379
47,84.01,1125,21,3.67,0,84.01,90,-5.99,308.3167
47,148.88,1126,22,2.5,0,148.88,145,3.88,372.2
47,67.01,1127,23,2.3,0,67.01,73,-5.99,154.123
47,21.16,1128,24,1.83,0,21.16,26,-4.84,38.7228
48,21.62,1129,1,2.89,0,21.62,22,-0.38,62.4818
48,17.59,1130,2,2.48,0,17.59,22,-4.41,43.6232
48,15.42,1131,3,2.27,0,15.42,22,-6.58,35.0034
48,16.09,1132,4,1.98,0,16.09,22,-5.91,31.8582
48,21.87,1133,5,2.55,0,21.87,25,-3.13,55.7685
48,17.6,1134,6,2.68,0,17.6,18,-0.4,47.168
48,42.64,1135,7,4.73,0.1,42.54,41,1.54,201.2142
48,156.12,1136,8,4.67,9.56,146.56,135,11.56,684.4352
48,98.34,1137,9,4.51,17.26,81.08,76,5.08,365.6708
48,94.99,1138,10,4.25,19.06,75.93,70,5.93,322.7025
48,82.4,1139,11,4.61,20.2,62.2,66,-3.8,286.742
48,114.62,1140,12,3,17.75,96.87,83,13.87,290.61
48,60.56,1141,13,2.72,17.79,42.77,48,-5.23,116.3344
48,53.83,1142,14,2.89,19.21,34.62,38,-3.38,100.0518
48,95.9,1143,15,2.54,19.78,76.12,78,-1.88,193.3448
48,27.49,1144,16,3.87,13.66,13.83,12,1.83,53.5221
48,31.88,1145,17,3.62,5.3,26.58,26,0.58,96.2196
48,63.4,1146,18,3.55,0,63.4,61,2.4,225.07
48,99.19,1147,19,4.3,0,99.19,95,4.19,426.517
48,142.1,1148,20,3.32,0,142.1,147,-4.9,471.772
48,165.2,1149,21,3.25,0,165.2,164,1.2,536.9
48,77.89,1150,22,3.43,0,77.89,75,2.89,267.1627
48,50.41,1151,23,3.1,0,50.41,52,-1.59,156.271
48,32.47,1152,24,1.88,0,32.47,37,-4.53,61.0436
49,19.15,1153,1,2.2,0,19.15,23,-3.85,42.13
49,15.32,1154,2,2.25,0,15.32,22,-6.68,34.47
49,27.3,1155,3,2.52,0,27.3,32,-4.7,68.796
49,43.58,1156,4,2.37,0,43.58,44,-0.42,103.2846
49,18.21,1157,5,2.19,0,18.21,22,-3.79,39.8799
49,18.3,1158,6,3.41,0,18.3,19,-0.7,62.403
49,45.14,1159,7,4.97,0.05,45.09,46,-0.91,224.0973
49,182.33,1160,8,5.41,4.09,178.24,166,12.24,964.2784
49,84.71,1161,9,5.59,6.9,77.81,81,-3.19,434.9579
49,86.73,1162,10,5.33,9.6,77.13,76,1.13,411.1029
49,86.53,1163,11,4.46,10.01,76.52,75,1.52,341.2792
49,77.38,1164,12,4.71,10.79,66.59,61,5.59,313.6389
49,99.43,1165,13,4,15.42,84.01,81,3.01,336.04
49,135.08,1166,14,4.2,23.25,111.83,111,0.83,469.686
49,127.53,1167,15,4.32,17.68,109.85,104,5.85,474.552
49,81.14,1168,16,3.73,17.69,63.45,70,-6.55,236.6685
49,48.81,1169,17,3.22,3.95,44.86,56,-11.14,144.4492
49,115.77,1170,18,3.89,0,115.77,126,-10.23,450.3453
49,135.87,1171,19,4.19,0,135.87,128,7.87,569.2953
49,103.04,1172,20,3.72,0,103.04,108,-4.96,383.3088
49,159.08,1173,21,4.11,0,159.08,160,-0.92,653.8188
49,107.32,1174,22,3.86,0,107.32,103,4.32,414.2552
49,27.32,1175,23,3.7,0,27.32,29,-1.68,101.084
49,23.74,1176,24,2.25,0,23.74,28,-4.26,53.415
50,19.71,1177,1,2.26,0,19.71,23,-3.29,44.5446
50,15.62,1178,2,2.43,0,15.62,22,-6.38,37.9566
50,17.54,1179,3,2.47,0,17.54,22,-4.46,43.3238
50,17.17,1180,4,2.12,0,17.17,22,-4.83,36.4004
50,22.07,1181,5,2.49,0,22.07,26,-3.93,54.9543
50,59.11,1182,6,3.47,0,59.11,62,-2.89,205.1117
50,60.58,1183,7,3.91,0.05,60.53,62,-1.47,236.6723
50,173.56,1184,8,5.01,6.63,166.93,161,5.93,836.3193
50,104.47,1185,9,4.62,14.83,89.64,89,0.64,414.1368
50,79.98,1186,10,3.97,14.73,65.25,70,-4.75,259.0425
50,41.35,1187,11,4.03,18.67,22.68,23,-0.32,91.4004
50,68.85,1188,12,3.74,16.93,51.92,50,1.92,194.1808
50,32.13,1189,13,3.64,19.91,12.22,13,-0.78,44.4808
50,20.68,1190,14,2.83,20.26,0.42,7,-6.58,1.1886
50,15.95,1191,15,3.39,12.9,3.05,10,-6.95,10.3395
50,22.05,1192,16,3.48,10.58,11.47,8,3.47,39.9156
50,32.33,1193,17,3.82,6.77,25.56,25,0.56,97.6392
50,94.34,1194,18,3.82,0,94.34,90,4.34,360.3788
50,122.22,1195,19,4.42,0,122.22,121,1.22,540.2124
50,145.56,1196,20,4.08,0,145.56,147,-1.44,593.8848
50,98.64,1197,21,4.07,0,98.64,95,3.64,401.4648
50,85.01,1198,22,3.5,0,85.01,88,-2.99,297.535
50,77.95,1199,23,3.1,0,77.95,75,2.95,241.645
50,61.83,1200,24,2.49,0,61.83,0,61.83,153.9567
