day,demand_d+1,demand_d+2,demand_d-1,demand_d-2,demand_t+1,demand_t+2,demand_t-1,demand_t-2,demand_td0,hour_of_day
1,20.37,20.59,31.2,31.2,29.86,25.67,31.2,31.2,31.2,1
1,56.05,19.98,29.86,29.86,25.67,68.61,31.2,31.2,29.86,2
1,18.41,23.64,25.67,25.67,68.61,19.16,29.86,31.2,25.67,3
1,55.33,22.73,68.61,68.61,19.16,21.07,25.67,29.86,68.61,4
1,23.08,20.8,19.16,19.16,21.07,48.18,68.61,25.67,19.16,5
1,28.4,25.47,21.07,21.07,48.18,139.35,19.16,68.61,21.07,6
1,47.67,18.53,48.18,48.18,139.35,84.42,21.07,19.16,48.18,7
1,133.29,36.34,139.35,139.35,84.42,28.49,48.18,21.07,139.35,8
1,96.23,67.44,84.42,84.42,28.49,22.97,139.35,48.18,84.42,9
1,30.65,147.2,28.49,28.49,22.97,90.87,84.42,139.35,28.49,10
1,24.7,129.34,22.97,22.97,90.87,146.35,28.49,84.42,22.97,11
1,43.96,203.73,90.87,90.87,146.35,94.08,22.97,28.49,90.87,12
1,33.09,47.99,146.35,146.35,94.08,94.55,90.87,22.97,146.35,13
1,51.49,26.01,94.08,94.08,94.55,62.31,146.35,90.87,94.08,14
1,110.69,122.76,94.55,94.55,62.31,94.77,94.08,146.35,94.55,15
1,145.3,75.8,62.31,62.31,94.77,19.79,94.55,94.08,62.31,16
1,125.17,63.75,94.77,94.77,19.79,36.53,62.31,94.55,94.77,17
1,86.76,30.87,19.79,19.79,36.53,75.75,94.77,62.31,19.79,18
1,44.9,46.23,36.53,36.53,75.75,51.78,19.79,94.77,36.53,19
1,78.34,134.43,75.75,75.75,51.78,146.8,36.53,19.79,75.75,20
1,231.94,196.3,51.78,51.78,146.8,34.7,75.75,36.53,51.78,21
1,193.01,156.5,146.8,146.8,34.7,54.82,51.78,75.75,146.8,22
1,96.0,98.47,34.7,34.7,54.82,20.37,146.8,51.78,34.7,23
1,86.1,76.29,54.82,54.82,20.37,56.05,34.7,146.8,54.82,24
2,20.59,56.7,31.2,31.2,56.05,18.41,54.82,34.7,20.37,1
2,19.98,46.15,29.86,29.86,18.41,55.33,20.37,54.82,56.05,2
2,23.64,58.86,25.67,25.67,55.33,23.08,56.05,20.37,18.41,3
2,22.73,58.39,68.61,68.61,23.08,28.4,18.41,56.05,55.33,4
2,20.8,55.04,19.16,19.16,28.4,47.67,55.33,18.41,23.08,5
2,25.47,52.32,21.07,21.07,47.67,133.29,23.08,55.33,28.4,6
2,18.53,63.12,48.18,48.18,133.29,96.23,28.4,23.08,47.67,7
2,36.34,148.58,139.35,139.35,96.23,30.65,47.67,28.4,133.29,8
2,67.44,110.2,84.42,84.42,30.65,24.7,133.29,47.67,96.23,9
2,147.2,138.84,28.49,28.49,24.7,43.96,96.23,133.29,30.65,10
2,129.34,69.69,22.97,22.97,43.96,33.09,30.65,96.23,24.7,11
2,203.73,48.76,90.87,90.87,33.09,51.49,24.7,30.65,43.96,12
2,47.99,129.55,146.35,146.35,51.49,110.69,43.96,24.7,33.09,13
2,26.01,36.45,94.08,94.08,110.69,145.3,33.09,43.96,51.49,14
2,122.76,29.3,94.55,94.55,145.3,125.17,51.49,33.09,110.69,15
2,75.8,23.44,62.31,62.31,125.17,86.76,110.69,51.49,145.3,16
2,63.75,25.7,94.77,94.77,86.76,44.9,145.3,110.69,125.17,17
2,30.87,21.11,19.79,19.79,44.9,78.34,125.17,145.3,86.76,18
2,46.23,114.28,36.53,36.53,78.34,231.94,86.76,125.17,44.9,19
2,134.43,118.53,75.75,75.75,231.94,193.01,44.9,86.76,78.34,20
2,196.3,160.78,51.78,51.78,193.01,96.0,78.34,44.9,231.94,21
2,156.5,88.7,146.8,146.8,96.0,86.1,231.94,78.34,193.01,22
2,98.47,34.7,34.7,34.7,86.1,20.59,193.01,231.94,96.0,23
2,76.29,29.64,54.82,54.82,20.59,19.98,96.0,193.01,86.1,24
3,56.7,46.58,20.37,31.2,19.98,23.64,86.1,96.0,20.59,1
3,46.15,30.67,56.05,29.86,23.64,22.73,20.59,86.1,19.98,2
3,58.86,23.46,18.41,25.67,22.73,20.8,19.98,20.59,23.64,3
3,58.39,17.27,55.33,68.61,20.8,25.47,23.64,19.98,22.73,4
3,55.04,24.57,23.08,19.16,25.47,18.53,22.73,23.64,20.8,5
3,52.32,25.68,28.4,21.07,18.53,36.34,20.8,22.73,25.47,6
3,63.12,44.48,47.67,48.18,36.34,67.44,25.47,20.8,18.53,7
3,148.58,116.42,133.29,139.35,67.44,147.2,18.53,25.47,36.34,8
3,110.2,94.56,96.23,84.42,147.2,129.34,36.34,18.53,67.44,9
3,138.84,96.11,30.65,28.49,129.34,203.73,67.44,36.34,147.2,10
3,69.69,121.18,24.7,22.97,203.73,47.99,147.2,67.44,129.34,11
3,48.76,116.75,43.96,90.87,47.99,26.01,129.34,147.2,203.73,12
3,129.55,112.5,33.09,146.35,26.01,122.76,203.73,129.34,47.99,13
3,36.45,99.64,51.49,94.08,122.76,75.8,47.99,203.73,26.01,14
3,29.3,142.44,110.69,94.55,75.8,63.75,26.01,47.99,122.76,15
3,23.44,121.67,145.3,62.31,63.75,30.87,122.76,26.01,75.8,16
3,25.7,52.16,125.17,94.77,30.87,46.23,75.8,122.76,63.75,17
3,21.11,31.88,86.76,19.79,46.23,134.43,63.75,75.8,30.87,18
3,114.28,50.27,44.9,36.53,134.43,196.3,30.87,63.75,46.23,19
3,118.53,86.08,78.34,75.75,196.3,156.5,46.23,30.87,134.43,20
3,160.78,169.44,231.94,51.78,156.5,98.47,134.43,46.23,196.3,21
3,88.7,123.5,193.01,146.8,98.47,76.29,196.3,134.43,156.5,22
3,34.7,90.83,96.0,34.7,76.29,56.7,156.5,196.3,98.47,23
3,29.64,67.48,86.1,54.82,56.7,46.15,98.47,156.5,76.29,24
4,46.58,46.71,20.59,20.37,46.15,58.86,76.29,98.47,56.7,1
4,30.67,40.93,19.98,56.05,58.86,58.39,56.7,76.29,46.15,2
4,23.46,61.48,23.64,18.41,58.39,55.04,46.15,56.7,58.86,3
4,17.27,27.29,22.73,55.33,55.04,52.32,58.86,46.15,58.39,4
4,24.57,22.21,20.8,23.08,52.32,63.12,58.39,58.86,55.04,5
4,25.68,22.05,25.47,28.4,63.12,148.58,55.04,58.39,52.32,6
4,44.48,49.59,18.53,47.67,148.58,110.2,52.32,55.04,63.12,7
4,116.42,166.77,36.34,133.29,110.2,138.84,63.12,52.32,148.58,8
4,94.56,100.7,67.44,96.23,138.84,69.69,148.58,63.12,110.2,9
4,96.11,77.99,147.2,30.65,69.69,48.76,110.2,148.58,138.84,10
4,121.18,68.0,129.34,24.7,48.76,129.55,138.84,110.2,69.69,11
4,116.75,31.88,203.73,43.96,129.55,36.45,69.69,138.84,48.76,12
4,112.5,45.83,47.99,33.09,36.45,29.3,48.76,69.69,129.55,13
4,99.64,26.42,26.01,51.49,29.3,23.44,129.55,48.76,36.45,14
4,142.44,48.51,122.76,110.69,23.44,25.7,36.45,129.55,29.3,15
4,121.67,18.08,75.8,145.3,25.7,21.11,29.3,36.45,23.44,16
4,52.16,53.46,63.75,125.17,21.11,114.28,23.44,29.3,25.7,17
4,31.88,37.2,30.87,86.76,114.28,118.53,25.7,23.44,21.11,18
4,50.27,55.6,46.23,44.9,118.53,160.78,21.11,25.7,114.28,19
4,86.08,35.33,134.43,78.34,160.78,88.7,114.28,21.11,118.53,20
4,169.44,22.43,196.3,231.94,88.7,34.7,118.53,114.28,160.78,21
4,123.5,36.46,156.5,193.01,34.7,29.64,160.78,118.53,88.7,22
4,90.83,106.12,98.47,96.0,29.64,46.58,88.7,160.78,34.7,23
4,67.48,67.32,76.29,86.1,46.58,30.67,34.7,88.7,29.64,24
5,46.71,66.57,56.7,20.59,30.67,23.46,29.64,34.7,46.58,1
5,40.93,24.66,46.15,19.98,23.46,17.27,46.58,29.64,30.67,2
5,61.48,24.69,58.86,23.64,17.27,24.57,30.67,46.58,23.46,3
5,27.29,19.24,58.39,22.73,24.57,25.68,23.46,30.67,17.27,4
5,22.21,19.8,55.04,20.8,25.68,44.48,17.27,23.46,24.57,5
5,22.05,24.49,52.32,25.47,44.48,116.42,24.57,17.27,25.68,6
5,49.59,73.19,63.12,18.53,116.42,94.56,25.68,24.57,44.48,7
5,166.77,134.77,148.58,36.34,94.56,96.11,44.48,25.68,116.42,8
5,100.7,107.82,110.2,67.44,96.11,121.18,116.42,44.48,94.56,9
5,77.99,85.83,138.84,147.2,121.18,116.75,94.56,116.42,96.11,10
5,68.0,20.62,69.69,129.34,116.75,112.5,96.11,94.56,121.18,11
5,31.88,124.04,48.76,203.73,112.5,99.64,121.18,96.11,116.75,12
5,45.83,186.45,129.55,47.99,99.64,142.44,116.75,121.18,112.5,13
5,26.42,99.59,36.45,26.01,142.44,121.67,112.5,116.75,99.64,14
5,48.51,80.47,29.3,122.76,121.67,52.16,99.64,112.5,142.44,15
5,18.08,92.91,23.44,75.8,52.16,31.88,142.44,99.64,121.67,16
5,53.46,43.88,25.7,63.75,31.88,50.27,121.67,142.44,52.16,17
5,37.2,19.72,21.11,30.87,50.27,86.08,52.16,121.67,31.88,18
5,55.6,76.56,114.28,46.23,86.08,169.44,31.88,52.16,50.27,19
5,35.33,81.94,118.53,134.43,169.44,123.5,50.27,31.88,86.08,20
5,22.43,148.92,160.78,196.3,123.5,90.83,86.08,50.27,169.44,21
5,36.46,147.63,88.7,156.5,90.83,67.48,169.44,86.08,123.5,22
5,106.12,58.55,34.7,98.47,67.48,46.71,123.5,169.44,90.83,23
5,67.32,41.15,29.64,76.29,46.71,40.93,90.83,123.5,67.48,24
6,66.57,41.15,46.58,56.7,40.93,61.48,67.48,90.83,46.71,1
6,24.66,22.28,30.67,46.15,61.48,27.29,46.71,67.48,40.93,2
6,24.69,20.02,23.46,58.86,27.29,22.21,40.93,46.71,61.48,3
6,19.24,24.91,17.27,58.39,22.21,22.05,61.48,40.93,27.29,4
6,19.8,24.45,24.57,55.04,22.05,49.59,27.29,61.48,22.21,5
6,24.49,62.27,25.68,52.32,49.59,166.77,22.21,27.29,22.05,6
6,73.19,71.3,44.48,63.12,166.77,100.7,22.05,22.21,49.59,7
6,134.77,129.1,116.42,148.58,100.7,77.99,49.59,22.05,166.77,8
6,107.82,80.83,94.56,110.2,77.99,68.0,166.77,49.59,100.7,9
6,85.83,97.61,96.11,138.84,68.0,31.88,100.7,166.77,77.99,10
6,20.62,74.4,121.18,69.69,31.88,45.83,77.99,100.7,68.0,11
6,124.04,48.42,116.75,48.76,45.83,26.42,68.0,77.99,31.88,12
6,186.45,92.06,112.5,129.55,26.42,48.51,31.88,68.0,45.83,13
6,99.59,54.09,99.64,36.45,48.51,18.08,45.83,31.88,26.42,14
6,80.47,30.7,142.44,29.3,18.08,53.46,26.42,45.83,48.51,15
6,92.91,27.58,121.67,23.44,53.46,37.2,48.51,26.42,18.08,16
6,43.88,27.7,52.16,25.7,37.2,55.6,18.08,48.51,53.46,17
6,19.72,55.03,31.88,21.11,55.6,35.33,53.46,18.08,37.2,18
6,76.56,64.04,50.27,114.28,35.33,22.43,37.2,53.46,55.6,19
6,81.94,105.74,86.08,118.53,22.43,36.46,55.6,37.2,35.33,20
6,148.92,133.4,169.44,160.78,36.46,106.12,35.33,55.6,22.43,21
6,147.63,143.24,123.5,88.7,106.12,67.32,22.43,35.33,36.46,22
6,58.55,43.82,90.83,34.7,67.32,66.57,36.46,22.43,106.12,23
6,41.15,36.2,67.48,29.64,66.57,24.66,106.12,36.46,67.32,24
7,41.15,34.13,46.71,46.58,24.66,24.69,67.32,106.12,66.57,1
7,22.28,24.26,40.93,30.67,24.69,19.24,66.57,67.32,24.66,2
7,20.02,28.14,61.48,23.46,19.24,19.8,24.66,66.57,24.69,3
7,24.91,25.0,27.29,17.27,19.8,24.49,24.69,24.66,19.24,4
7,24.45,21.18,22.21,24.57,24.49,73.19,19.24,24.69,19.8,5
7,62.27,29.12,22.05,25.68,73.19,134.77,19.8,19.24,24.49,6
7,71.3,61.57,49.59,44.48,134.77,107.82,24.49,19.8,73.19,7
7,129.1,142.1,166.77,116.42,107.82,85.83,73.19,24.49,134.77,8
7,80.83,87.19,100.7,94.56,85.83,20.62,134.77,73.19,107.82,9
7,97.61,76.56,77.99,96.11,20.62,124.04,107.82,134.77,85.83,10
7,74.4,22.55,68.0,121.18,124.04,186.45,85.83,107.82,20.62,11
7,48.42,39.82,31.88,116.75,186.45,99.59,20.62,85.83,124.04,12
7,92.06,24.24,45.83,112.5,99.59,80.47,124.04,20.62,186.45,13
7,54.09,91.94,26.42,99.64,80.47,92.91,186.45,124.04,99.59,14
7,30.7,57.25,48.51,142.44,92.91,43.88,99.59,186.45,80.47,15
7,27.58,117.06,18.08,121.67,43.88,19.72,80.47,99.59,92.91,16
7,27.7,106.67,53.46,52.16,19.72,76.56,92.91,80.47,43.88,17
7,55.03,69.52,37.2,31.88,76.56,81.94,43.88,92.91,19.72,18
7,64.04,91.19,55.6,50.27,81.94,148.92,19.72,43.88,76.56,19
7,105.74,117.04,35.33,86.08,148.92,147.63,76.56,19.72,81.94,20
7,133.4,97.76,22.43,169.44,147.63,58.55,81.94,76.56,148.92,21
7,143.24,100.95,36.46,123.5,58.55,41.15,148.92,81.94,147.63,22
7,43.82,76.42,106.12,90.83,41.15,41.15,147.63,148.92,58.55,23
7,36.2,36.96,67.32,67.48,41.15,22.28,58.55,147.63,41.15,24
8,34.13,56.06,66.57,46.71,22.28,20.02,41.15,58.55,41.15,1
8,24.26,28.71,24.66,40.93,20.02,24.91,41.15,41.15,22.28,2
8,28.14,31.23,24.69,61.48,24.91,24.45,22.28,41.15,20.02,3
8,25.0,26.95,19.24,27.29,24.45,62.27,20.02,22.28,24.91,4
8,21.18,38.74,19.8,22.21,62.27,71.3,24.91,20.02,24.45,5
8,29.12,26.79,24.49,22.05,71.3,129.1,24.45,24.91,62.27,6
8,61.57,23.5,73.19,49.59,129.1,80.83,62.27,24.45,71.3,7
8,142.1,41.91,134.77,166.77,80.83,97.61,71.3,62.27,129.1,8
8,87.19,60.96,107.82,100.7,97.61,74.4,129.1,71.3,80.83,9
8,76.56,48.01,85.83,77.99,74.4,48.42,80.83,129.1,97.61,10
8,22.55,52.13,20.62,68.0,48.42,92.06,97.61,80.83,74.4,11
8,39.82,153.6,124.04,31.88,92.06,54.09,74.4,97.61,48.42,12
8,24.24,119.38,186.45,45.83,54.09,30.7,48.42,74.4,92.06,13
8,91.94,102.04,99.59,26.42,30.7,27.58,92.06,48.42,54.09,14
8,57.25,62.11,80.47,48.51,27.58,27.7,54.09,92.06,30.7,15
8,117.06,28.67,92.91,18.08,27.7,55.03,30.7,54.09,27.58,16
8,106.67,55.68,43.88,53.46,55.03,64.04,27.58,30.7,27.7,17
8,69.52,106.47,19.72,37.2,64.04,105.74,27.7,27.58,55.03,18
8,91.19,100.93,76.56,55.6,105.74,133.4,55.03,27.7,64.04,19
8,117.04,181.36,81.94,35.33,133.4,143.24,64.04,55.03,105.74,20
8,97.76,198.61,148.92,22.43,143.24,43.82,105.74,64.04,133.4,21
8,100.95,233.76,147.63,36.46,43.82,36.2,133.4,105.74,143.24,22
8,76.42,111.98,58.55,106.12,36.2,34.13,143.24,133.4,43.82,23
8,36.96,65.99,41.15,67.32,34.13,24.26,43.82,143.24,36.2,24
9,56.06,29.17,41.15,66.57,24.26,28.14,36.2,43.82,34.13,1
9,28.71,23.23,22.28,24.66,28.14,25.0,34.13,36.2,24.26,2
9,31.23,33.56,20.02,24.69,25.0,21.18,24.26,34.13,28.14,3
9,26.95,27.49,24.91,19.24,21.18,29.12,28.14,24.26,25.0,4
9,38.74,33.33,24.45,19.8,29.12,61.57,25.0,28.14,21.18,5
9,26.79,48.31,62.27,24.49,61.57,142.1,21.18,25.0,29.12,6
9,23.5,52.56,71.3,73.19,142.1,87.19,29.12,21.18,61.57,7
9,41.91,142.21,129.1,134.77,87.19,76.56,61.57,29.12,142.1,8
9,60.96,107.71,80.83,107.82,76.56,22.55,142.1,61.57,87.19,9
9,48.01,93.74,97.61,85.83,22.55,39.82,87.19,142.1,76.56,10
9,52.13,71.63,74.4,20.62,39.82,24.24,76.56,87.19,22.55,11
9,153.6,26.12,48.42,124.04,24.24,91.94,22.55,76.56,39.82,12
9,119.38,42.29,92.06,186.45,91.94,57.25,39.82,22.55,24.24,13
9,102.04,28.58,54.09,99.59,57.25,117.06,24.24,39.82,91.94,14
9,62.11,62.82,30.7,80.47,117.06,106.67,91.94,24.24,57.25,15
9,28.67,37.36,27.58,92.91,106.67,69.52,57.25,91.94,117.06,16
9,55.68,26.79,27.7,43.88,69.52,91.19,117.06,57.25,106.67,17
9,106.47,50.75,55.03,19.72,91.19,117.04,106.67,117.06,69.52,18
9,100.93,42.26,64.04,76.56,117.04,97.76,69.52,106.67,91.19,19
9,181.36,157.97,105.74,81.94,97.76,100.95,91.19,69.52,117.04,20
9,198.61,118.46,133.4,148.92,100.95,76.42,117.04,91.19,97.76,21
9,233.76,187.93,143.24,147.63,76.42,36.96,97.76,117.04,100.95,22
9,111.98,104.38,43.82,58.55,36.96,56.06,100.95,97.76,76.42,23
9,65.99,31.37,36.2,41.15,56.06,28.71,76.42,100.95,36.96,24
10,29.17,21.5,34.13,41.15,28.71,31.23,36.96,76.42,56.06,1
10,23.23,26.37,24.26,22.28,31.23,26.95,56.06,36.96,28.71,2
10,33.56,27.94,28.14,20.02,26.95,38.74,28.71,56.06,31.23,3
10,27.49,17.26,25.0,24.91,38.74,26.79,31.23,28.71,26.95,4
10,33.33,22.35,21.18,24.45,26.79,23.5,26.95,31.23,38.74,5
10,48.31,27.76,29.12,62.27,23.5,41.91,38.74,26.95,26.79,6
10,52.56,72.74,61.57,71.3,41.91,60.96,26.79,38.74,23.5,7
10,142.21,129.75,142.1,129.1,60.96,48.01,23.5,26.79,41.91,8
10,107.71,107.12,87.19,80.83,48.01,52.13,41.91,23.5,60.96,9
10,93.74,97.95,76.56,97.61,52.13,153.6,60.96,41.91,48.01,10
10,71.63,123.6,22.55,74.4,153.6,119.38,48.01,60.96,52.13,11
10,26.12,52.52,39.82,48.42,119.38,102.04,52.13,48.01,153.6,12
10,42.29,97.26,24.24,92.06,102.04,62.11,153.6,52.13,119.38,13
10,28.58,49.6,91.94,54.09,62.11,28.67,119.38,153.6,102.04,14
10,62.82,26.53,57.25,30.7,28.67,55.68,102.04,119.38,62.11,15
10,37.36,37.98,117.06,27.58,55.68,106.47,62.11,102.04,28.67,16
10,26.79,23.84,106.67,27.7,106.47,100.93,28.67,62.11,55.68,17
10,50.75,24.64,69.52,55.03,100.93,181.36,55.68,28.67,106.47,18
10,42.26,126.07,91.19,64.04,181.36,198.61,106.47,55.68,100.93,19
10,157.97,128.38,117.04,105.74,198.61,233.76,100.93,106.47,181.36,20
10,118.46,118.69,97.76,133.4,233.76,111.98,181.36,100.93,198.61,21
10,187.93,75.13,100.95,143.24,111.98,65.99,198.61,181.36,233.76,22
10,104.38,81.66,76.42,43.82,65.99,29.17,233.76,198.61,111.98,23
10,31.37,47.6,36.96,36.2,29.17,23.23,111.98,233.76,65.99,24
11,21.5,21.15,56.06,34.13,23.23,33.56,65.99,111.98,29.17,1
11,26.37,30.65,28.71,24.26,33.56,27.49,29.17,65.99,23.23,2
11,27.94,20.46,31.23,28.14,27.49,33.33,23.23,29.17,33.56,3
11,17.26,22.47,26.95,25.0,33.33,48.31,33.56,23.23,27.49,4
11,22.35,65.99,38.74,21.18,48.31,52.56,27.49,33.56,33.33,5
11,27.76,30.56,26.79,29.12,52.56,142.21,33.33,27.49,48.31,6
11,72.74,57.5,23.5,61.57,142.21,107.71,48.31,33.33,52.56,7
11,129.75,169.03,41.91,142.1,107.71,93.74,52.56,48.31,142.21,8
11,107.12,148.37,60.96,87.19,93.74,71.63,142.21,52.56,107.71,9
11,97.95,98.32,48.01,76.56,71.63,26.12,107.71,142.21,93.74,10
11,123.6,111.12,52.13,22.55,26.12,42.29,93.74,107.71,71.63,11
11,52.52,88.44,153.6,39.82,42.29,28.58,71.63,93.74,26.12,12
11,97.26,93.33,119.38,24.24,28.58,62.82,26.12,71.63,42.29,13
11,49.6,92.2,102.04,91.94,62.82,37.36,42.29,26.12,28.58,14
11,26.53,110.17,62.11,57.25,37.36,26.79,28.58,42.29,62.82,15
11,37.98,123.47,28.67,117.06,26.79,50.75,62.82,28.58,37.36,16
11,23.84,94.62,55.68,106.67,50.75,42.26,37.36,62.82,26.79,17
11,24.64,102.77,106.47,69.52,42.26,157.97,26.79,37.36,50.75,18
11,126.07,51.63,100.93,91.19,157.97,118.46,50.75,26.79,42.26,19
11,128.38,113.11,181.36,117.04,118.46,187.93,42.26,50.75,157.97,20
11,118.69,137.79,198.61,97.76,187.93,104.38,157.97,42.26,118.46,21
11,75.13,115.6,233.76,100.95,104.38,31.37,118.46,157.97,187.93,22
11,81.66,119.14,111.98,76.42,31.37,21.5,187.93,118.46,104.38,23
11,47.6,23.93,65.99,36.96,21.5,26.37,104.38,187.93,31.37,24
12,21.15,19.91,29.17,56.06,26.37,27.94,31.37,104.38,21.5,1
12,30.65,30.72,23.23,28.71,27.94,17.26,21.5,31.37,26.37,2
12,20.46,19.35,33.56,31.23,17.26,22.35,26.37,21.5,27.94,3
12,22.47,22.3,27.49,26.95,22.35,27.76,27.94,26.37,17.26,4
12,65.99,23.31,33.33,38.74,27.76,72.74,17.26,27.94,22.35,5
12,30.56,27.92,48.31,26.79,72.74,129.75,22.35,17.26,27.76,6
12,57.5,70.97,52.56,23.5,129.75,107.12,27.76,22.35,72.74,7
12,169.03,187.83,142.21,41.91,107.12,97.95,72.74,27.76,129.75,8
12,148.37,107.17,107.71,60.96,97.95,123.6,129.75,72.74,107.12,9
12,98.32,188.72,93.74,48.01,123.6,52.52,107.12,129.75,97.95,10
12,111.12,119.22,71.63,52.13,52.52,97.26,97.95,107.12,123.6,11
12,88.44,66.36,26.12,153.6,97.26,49.6,123.6,97.95,52.52,12
12,93.33,56.3,42.29,119.38,49.6,26.53,52.52,123.6,97.26,13
12,92.2,63.4,28.58,102.04,26.53,37.98,97.26,52.52,49.6,14
12,110.17,98.31,62.82,62.11,37.98,23.84,49.6,97.26,26.53,15
12,123.47,59.78,37.36,28.67,23.84,24.64,26.53,49.6,37.98,16
12,94.62,51.15,26.79,55.68,24.64,126.07,37.98,26.53,23.84,17
12,102.77,21.71,50.75,106.47,126.07,128.38,23.84,37.98,24.64,18
12,51.63,111.93,42.26,100.93,128.38,118.69,24.64,23.84,126.07,19
12,113.11,245.79,157.97,181.36,118.69,75.13,126.07,24.64,128.38,20
12,137.79,189.94,118.46,198.61,75.13,81.66,128.38,126.07,118.69,21
12,115.6,192.83,187.93,233.76,81.66,47.6,118.69,128.38,75.13,22
12,119.14,143.9,104.38,111.98,47.6,21.15,75.13,118.69,81.66,23
12,23.93,32.87,31.37,65.99,21.15,30.65,81.66,75.13,47.6,24
13,19.91,23.84,21.5,29.17,30.65,20.46,47.6,81.66,21.15,1
13,30.72,24.4,26.37,23.23,20.46,22.47,21.15,47.6,30.65,2
13,19.35,28.43,27.94,33.56,22.47,65.99,30.65,21.15,20.46,3
13,22.3,18.25,17.26,27.49,65.99,30.56,20.46,30.65,22.47,4
13,23.31,20.22,22.35,33.33,30.56,57.5,22.47,20.46,65.99,5
13,27.92,28.61,27.76,48.31,57.5,169.03,65.99,22.47,30.56,6
13,70.97,75.75,72.74,52.56,169.03,148.37,30.56,65.99,57.5,7
13,187.83,122.73,129.75,142.21,148.37,98.32,57.5,30.56,169.03,8
13,107.17,118.86,107.12,107.71,98.32,111.12,169.03,57.5,148.37,9
13,188.72,100.16,97.95,93.74,111.12,88.44,148.37,169.03,98.32,10
13,119.22,99.78,123.6,71.63,88.44,93.33,98.32,148.37,111.12,11
13,66.36,119.18,52.52,26.12,93.33,92.2,111.12,98.32,88.44,12
13,56.3,116.56,97.26,42.29,92.2,110.17,88.44,111.12,93.33,13
13,63.4,91.53,49.6,28.58,110.17,123.47,93.33,88.44,92.2,14
13,98.31,97.19,26.53,62.82,123.47,94.62,92.2,93.33,110.17,15
13,59.78,36.14,37.98,37.36,94.62,102.77,110.17,92.2,123.47,16
13,51.15,29.92,23.84,26.79,102.77,51.63,123.47,110.17,94.62,17
13,21.71,29.56,24.64,50.75,51.63,113.11,94.62,123.47,102.77,18
13,111.93,89.08,126.07,42.26,113.11,137.79,102.77,94.62,51.63,19
13,245.79,96.71,128.38,157.97,137.79,115.6,51.63,102.77,113.11,20
13,189.94,79.77,118.69,118.46,115.6,119.14,113.11,51.63,137.79,21
13,192.83,59.53,75.13,187.93,119.14,23.93,137.79,113.11,115.6,22
13,143.9,54.52,81.66,104.38,23.93,19.91,115.6,137.79,119.14,23
13,32.87,28.98,47.6,31.37,19.91,30.72,119.14,115.6,23.93,24
14,23.84,30.4,21.15,21.5,30.72,19.35,23.93,119.14,19.91,1
14,24.4,22.9,30.65,26.37,19.35,22.3,19.91,23.93,30.72,2
14,28.43,17.62,20.46,27.94,22.3,23.31,30.72,19.91,19.35,3
14,18.25,22.74,22.47,17.26,23.31,27.92,19.35,30.72,22.3,4
14,20.22,27.27,65.99,22.35,27.92,70.97,22.3,19.35,23.31,5
14,28.61,21.17,30.56,27.76,70.97,187.83,23.31,22.3,27.92,6
14,75.75,43.66,57.5,72.74,187.83,107.17,27.92,23.31,70.97,7
14,122.73,144.49,169.03,129.75,107.17,188.72,70.97,27.92,187.83,8
14,118.86,164.08,148.37,107.12,188.72,119.22,187.83,70.97,107.17,9
14,100.16,204.51,98.32,97.95,119.22,66.36,107.17,187.83,188.72,10
14,99.78,141.69,111.12,123.6,66.36,56.3,188.72,107.17,119.22,11
14,119.18,144.39,88.44,52.52,56.3,63.4,119.22,188.72,66.36,12
14,116.56,250.33,93.33,97.26,63.4,98.31,66.36,119.22,56.3,13
14,91.53,205.51,92.2,49.6,98.31,59.78,56.3,66.36,63.4,14
14,97.19,104.75,110.17,26.53,59.78,51.15,63.4,56.3,98.31,15
14,36.14,29.74,123.47,37.98,51.15,21.71,98.31,63.4,59.78,16
14,29.92,31.03,94.62,23.84,21.71,111.93,59.78,98.31,51.15,17
14,29.56,43.5,102.77,24.64,111.93,245.79,51.15,59.78,21.71,18
14,89.08,195.49,51.63,126.07,245.79,189.94,21.71,51.15,111.93,19
14,96.71,198.77,113.11,128.38,189.94,192.83,111.93,21.71,245.79,20
14,79.77,172.32,137.79,118.69,192.83,143.9,245.79,111.93,189.94,21
14,59.53,231.48,115.6,75.13,143.9,32.87,189.94,245.79,192.83,22
14,54.52,136.52,119.14,81.66,32.87,23.84,192.83,189.94,143.9,23
14,28.98,103.48,23.93,47.6,23.84,24.4,143.9,192.83,32.87,24
15,30.4,87.42,19.91,21.15,24.4,28.43,32.87,143.9,23.84,1
15,22.9,35.44,30.72,30.65,28.43,18.25,23.84,32.87,24.4,2
15,17.62,18.68,19.35,20.46,18.25,20.22,24.4,23.84,28.43,3
15,22.74,18.73,22.3,22.47,20.22,28.61,28.43,24.4,18.25,4
15,27.27,29.36,23.31,65.99,28.61,75.75,18.25,28.43,20.22,5
15,21.17,27.05,27.92,30.56,75.75,122.73,20.22,18.25,28.61,6
15,43.66,65.84,70.97,57.5,122.73,118.86,28.61,20.22,75.75,7
15,144.49,202.01,187.83,169.03,118.86,100.16,75.75,28.61,122.73,8
15,164.08,125.54,107.17,148.37,100.16,99.78,122.73,75.75,118.86,9
15,204.51,122.46,188.72,98.32,99.78,119.18,118.86,122.73,100.16,10
15,141.69,40.74,119.22,111.12,119.18,116.56,100.16,118.86,99.78,11
15,144.39,101.12,66.36,88.44,116.56,91.53,99.78,100.16,119.18,12
15,250.33,77.28,56.3,93.33,91.53,97.19,119.18,99.78,116.56,13
15,205.51,32.53,63.4,92.2,97.19,36.14,116.56,119.18,91.53,14
15,104.75,25.29,98.31,110.17,36.14,29.92,91.53,116.56,97.19,15
15,29.74,20.7,59.78,123.47,29.92,29.56,97.19,91.53,36.14,16
15,31.03,25.87,51.15,94.62,29.56,89.08,36.14,97.19,29.92,17
15,43.5,67.39,21.71,102.77,89.08,96.71,29.92,36.14,29.56,18
15,195.49,243.31,111.93,51.63,96.71,79.77,29.56,29.92,89.08,19
15,198.77,161.29,245.79,113.11,79.77,59.53,89.08,29.56,96.71,20
15,172.32,180.26,189.94,137.79,59.53,54.52,96.71,89.08,79.77,21
15,231.48,147.28,192.83,115.6,54.52,28.98,79.77,96.71,59.53,22
15,136.52,70.28,143.9,119.14,28.98,30.4,59.53,79.77,54.52,23
15,103.48,37.81,32.87,23.93,30.4,22.9,54.52,59.53,28.98,24
16,87.42,66.71,23.84,19.91,22.9,17.62,28.98,54.52,30.4,1
16,35.44,20.18,24.4,30.72,17.62,22.74,30.4,28.98,22.9,2
16,18.68,17.23,28.43,19.35,22.74,27.27,22.9,30.4,17.62,3
16,18.73,27.27,18.25,22.3,27.27,21.17,17.62,22.9,22.74,4
16,29.36,19.07,20.22,23.31,21.17,43.66,22.74,17.62,27.27,5
16,27.05,20.53,28.61,27.92,43.66,144.49,27.27,22.74,21.17,6
16,65.84,50.58,75.75,70.97,144.49,164.08,21.17,27.27,43.66,7
16,202.01,164.04,122.73,187.83,164.08,204.51,43.66,21.17,144.49,8
16,125.54,103.77,118.86,107.17,204.51,141.69,144.49,43.66,164.08,9
16,122.46,110.62,100.16,188.72,141.69,144.39,164.08,144.49,204.51,10
16,40.74,123.95,99.78,119.22,144.39,250.33,204.51,164.08,141.69,11
16,101.12,107.07,119.18,66.36,250.33,205.51,141.69,204.51,144.39,12
16,77.28,92.01,116.56,56.3,205.51,104.75,144.39,141.69,250.33,13
16,32.53,27.9,91.53,63.4,104.75,29.74,250.33,144.39,205.51,14
16,25.29,32.94,97.19,98.31,29.74,31.03,205.51,250.33,104.75,15
16,20.7,31.16,36.14,59.78,31.03,43.5,104.75,205.51,29.74,16
16,25.87,19.28,29.92,51.15,43.5,195.49,29.74,104.75,31.03,17
16,67.39,19.21,29.56,21.71,195.49,198.77,31.03,29.74,43.5,18
16,243.31,67.64,89.08,111.93,198.77,172.32,43.5,31.03,195.49,19
16,161.29,117.21,96.71,245.79,172.32,231.48,195.49,43.5,198.77,20
16,180.26,145.42,79.77,189.94,231.48,136.52,198.77,195.49,172.32,21
16,147.28,163.92,59.53,192.83,136.52,103.48,172.32,198.77,231.48,22
16,70.28,106.58,54.52,143.9,103.48,87.42,231.48,172.32,136.52,23
16,37.81,44.61,28.98,32.87,87.42,35.44,136.52,231.48,103.48,24
17,66.71,26.39,30.4,23.84,35.44,18.68,103.48,136.52,87.42,1
17,20.18,38.92,22.9,24.4,18.68,18.73,87.42,103.48,35.44,2
17,17.23,29.17,17.62,28.43,18.73,29.36,35.44,87.42,18.68,3
17,27.27,18.43,22.74,18.25,29.36,27.05,18.68,35.44,18.73,4
17,19.07,19.12,27.27,20.22,27.05,65.84,18.73,18.68,29.36,5
17,20.53,58.95,21.17,28.61,65.84,202.01,29.36,18.73,27.05,6
17,50.58,81.52,43.66,75.75,202.01,125.54,27.05,29.36,65.84,7
17,164.04,128.08,144.49,122.73,125.54,122.46,65.84,27.05,202.01,8
17,103.77,67.38,164.08,118.86,122.46,40.74,202.01,65.84,125.54,9
17,110.62,19.35,204.51,100.16,40.74,101.12,125.54,202.01,122.46,10
17,123.95,20.4,141.69,99.78,101.12,77.28,122.46,125.54,40.74,11
17,107.07,22.53,144.39,119.18,77.28,32.53,40.74,122.46,101.12,12
17,92.01,32.31,250.33,116.56,32.53,25.29,101.12,40.74,77.28,13
17,27.9,25.56,205.51,91.53,25.29,20.7,77.28,101.12,32.53,14
17,32.94,26.04,104.75,97.19,20.7,25.87,32.53,77.28,25.29,15
17,31.16,18.3,29.74,36.14,25.87,67.39,25.29,32.53,20.7,16
17,19.28,51.51,31.03,29.92,67.39,243.31,20.7,25.29,25.87,17
17,19.21,21.55,43.5,29.56,243.31,161.29,25.87,20.7,67.39,18
17,67.64,83.69,195.49,89.08,161.29,180.26,67.39,25.87,243.31,19
17,117.21,118.72,198.77,96.71,180.26,147.28,243.31,67.39,161.29,20
17,145.42,127.87,172.32,79.77,147.28,70.28,161.29,243.31,180.26,21
17,163.92,174.9,231.48,59.53,70.28,37.81,180.26,161.29,147.28,22
17,106.58,109.56,136.52,54.52,37.81,66.71,147.28,180.26,70.28,23
17,44.61,45.12,103.48,28.98,66.71,20.18,70.28,147.28,37.81,24
18,26.39,29.72,87.42,30.4,20.18,17.23,37.81,70.28,66.71,1
18,38.92,38.25,35.44,22.9,17.23,27.27,66.71,37.81,20.18,2
18,29.17,29.23,18.68,17.62,27.27,19.07,20.18,66.71,17.23,3
18,18.43,30.3,18.73,22.74,19.07,20.53,17.23,20.18,27.27,4
18,19.12,30.63,29.36,27.27,20.53,50.58,27.27,17.23,19.07,5
18,58.95,40.08,27.05,21.17,50.58,164.04,19.07,27.27,20.53,6
18,81.52,119.48,65.84,43.66,164.04,103.77,20.53,19.07,50.58,7
18,128.08,148.07,202.01,144.49,103.77,110.62,50.58,20.53,164.04,8
18,67.38,91.38,125.54,164.08,110.62,123.95,164.04,50.58,103.77,9
18,19.35,106.93,122.46,204.51,123.95,107.07,103.77,164.04,110.62,10
18,20.4,85.18,40.74,141.69,107.07,92.01,110.62,103.77,123.95,11
18,22.53,85.32,101.12,144.39,92.01,27.9,123.95,110.62,107.07,12
18,32.31,109.01,77.28,250.33,27.9,32.94,107.07,123.95,92.01,13
18,25.56,89.74,32.53,205.51,32.94,31.16,92.01,107.07,27.9,14
18,26.04,81.08,25.29,104.75,31.16,19.28,27.9,92.01,32.94,15
18,18.3,42.55,20.7,29.74,19.28,19.21,32.94,27.9,31.16,16
18,51.51,61.4,25.87,31.03,19.21,67.64,31.16,32.94,19.28,17
18,21.55,27.89,67.39,43.5,67.64,117.21,19.28,31.16,19.21,18
18,83.69,44.68,243.31,195.49,117.21,145.42,19.21,19.28,67.64,19
18,118.72,81.4,161.29,198.77,145.42,163.92,67.64,19.21,117.21,20
18,127.87,82.54,180.26,172.32,163.92,106.58,117.21,67.64,145.42,21
18,174.9,150.71,147.28,231.48,106.58,44.61,145.42,117.21,163.92,22
18,109.56,58.6,70.28,136.52,44.61,26.39,163.92,145.42,106.58,23
18,45.12,20.65,37.81,103.48,26.39,38.92,106.58,163.92,44.61,24
19,29.72,97.12,66.71,87.42,38.92,29.17,44.61,106.58,26.39,1
19,38.25,24.66,20.18,35.44,29.17,18.43,26.39,44.61,38.92,2
19,29.23,32.58,17.23,18.68,18.43,19.12,38.92,26.39,29.17,3
19,30.3,20.62,27.27,18.73,19.12,58.95,29.17,38.92,18.43,4
19,30.63,24.57,19.07,29.36,58.95,81.52,18.43,29.17,19.12,5
19,40.08,20.67,20.53,27.05,81.52,128.08,19.12,18.43,58.95,6
19,119.48,33.6,50.58,65.84,128.08,67.38,58.95,19.12,81.52,7
19,148.07,125.62,164.04,202.01,67.38,19.35,81.52,58.95,128.08,8
19,91.38,96.37,103.77,125.54,19.35,20.4,128.08,81.52,67.38,9
19,106.93,78.66,110.62,122.46,20.4,22.53,67.38,128.08,19.35,10
19,85.18,25.03,123.95,40.74,22.53,32.31,19.35,67.38,20.4,11
19,85.32,58.92,107.07,101.12,32.31,25.56,20.4,19.35,22.53,12
19,109.01,137.38,92.01,77.28,25.56,26.04,22.53,20.4,32.31,13
19,89.74,102.74,27.9,32.53,26.04,18.3,32.31,22.53,25.56,14
19,81.08,177.29,32.94,25.29,18.3,51.51,25.56,32.31,26.04,15
19,42.55,127.31,31.16,20.7,51.51,21.55,26.04,25.56,18.3,16
19,61.4,130.98,19.28,25.87,21.55,83.69,18.3,26.04,51.51,17
19,27.89,220.4,19.21,67.39,83.69,118.72,51.51,18.3,21.55,18
19,44.68,163.27,67.64,243.31,118.72,127.87,21.55,51.51,83.69,19
19,81.4,91.86,117.21,161.29,127.87,174.9,83.69,21.55,118.72,20
19,82.54,102.57,145.42,180.26,174.9,109.56,118.72,83.69,127.87,21
19,150.71,178.44,163.92,147.28,109.56,45.12,127.87,118.72,174.9,22
19,58.6,74.9,106.58,70.28,45.12,29.72,174.9,127.87,109.56,23
19,20.65,115.72,44.61,37.81,29.72,38.25,109.56,174.9,45.12,24
20,97.12,111.74,26.39,66.71,38.25,29.23,45.12,109.56,29.72,1
20,24.66,84.98,38.92,20.18,29.23,30.3,29.72,45.12,38.25,2
20,32.58,122.59,29.17,17.23,30.3,30.63,38.25,29.72,29.23,3
20,20.62,101.2,18.43,27.27,30.63,40.08,29.23,38.25,30.3,4
20,24.57,48.15,19.12,19.07,40.08,119.48,30.3,29.23,30.63,5
20,20.67,25.69,58.95,20.53,119.48,148.07,30.63,30.3,40.08,6
20,33.6,23.67,81.52,50.58,148.07,91.38,40.08,30.63,119.48,7
20,125.62,23.01,128.08,164.04,91.38,106.93,119.48,40.08,148.07,8
20,96.37,37.16,67.38,103.77,106.93,85.18,148.07,119.48,91.38,9
20,78.66,74.03,19.35,110.62,85.18,85.32,91.38,148.07,106.93,10
20,25.03,106.57,20.4,123.95,85.32,109.01,106.93,91.38,85.18,11
20,58.92,118.46,22.53,107.07,109.01,89.74,85.18,106.93,85.32,12
20,137.38,156.06,32.31,92.01,89.74,81.08,85.32,85.18,109.01,13
20,102.74,150.91,25.56,27.9,81.08,42.55,109.01,85.32,89.74,14
20,177.29,206.2,26.04,32.94,42.55,61.4,89.74,109.01,81.08,15
20,127.31,93.98,18.3,31.16,61.4,27.89,81.08,89.74,42.55,16
20,130.98,88.03,51.51,19.28,27.89,44.68,42.55,81.08,61.4,17
20,220.4,116.43,21.55,19.21,44.68,81.4,61.4,42.55,27.89,18
20,163.27,133.52,83.69,67.64,81.4,82.54,27.89,61.4,44.68,19
20,91.86,134.03,118.72,117.21,82.54,150.71,44.68,27.89,81.4,20
20,102.57,87.95,127.87,145.42,150.71,58.6,81.4,44.68,82.54,21
20,178.44,67.91,174.9,163.92,58.6,20.65,82.54,81.4,150.71,22
20,74.9,125.09,109.56,106.58,20.65,97.12,150.71,82.54,58.6,23
20,115.72,79.77,45.12,44.61,97.12,24.66,58.6,150.71,20.65,24
21,111.74,46.59,29.72,26.39,24.66,32.58,20.65,58.6,97.12,1
21,84.98,39.48,38.25,38.92,32.58,20.62,97.12,20.65,24.66,2
21,122.59,48.19,29.23,29.17,20.62,24.57,24.66,97.12,32.58,3
21,101.2,20.91,30.3,18.43,24.57,20.67,32.58,24.66,20.62,4
21,48.15,19.3,30.63,19.12,20.67,33.6,20.62,32.58,24.57,5
21,25.69,16.11,40.08,58.95,33.6,125.62,24.57,20.62,20.67,6
21,23.67,22.09,119.48,81.52,125.62,96.37,20.67,24.57,33.6,7
21,23.01,95.55,148.07,128.08,96.37,78.66,33.6,20.67,125.62,8
21,37.16,112.74,91.38,67.38,78.66,25.03,125.62,33.6,96.37,9
21,74.03,92.34,106.93,19.35,25.03,58.92,96.37,125.62,78.66,10
21,106.57,102.2,85.18,20.4,58.92,137.38,78.66,96.37,25.03,11
21,118.46,149.56,85.32,22.53,137.38,102.74,25.03,78.66,58.92,12
21,156.06,20.56,109.01,32.31,102.74,177.29,58.92,25.03,137.38,13
21,150.91,45.96,89.74,25.56,177.29,127.31,137.38,58.92,102.74,14
21,206.2,29.75,81.08,26.04,127.31,130.98,102.74,137.38,177.29,15
21,93.98,28.36,42.55,18.3,130.98,220.4,177.29,102.74,127.31,16
21,88.03,44.32,61.4,51.51,220.4,163.27,127.31,177.29,130.98,17
21,116.43,31.85,27.89,21.55,163.27,91.86,130.98,127.31,220.4,18
21,133.52,33.26,44.68,83.69,91.86,102.57,220.4,130.98,163.27,19
21,134.03,54.0,81.4,118.72,102.57,178.44,163.27,220.4,91.86,20
21,87.95,56.04,82.54,127.87,178.44,74.9,91.86,163.27,102.57,21
21,67.91,20.71,150.71,174.9,74.9,115.72,102.57,91.86,178.44,22
21,125.09,49.1,58.6,109.56,115.72,111.74,178.44,102.57,74.9,23
21,79.77,52.46,20.65,45.12,111.74,84.98,74.9,178.44,115.72,24
22,46.59,106.97,97.12,29.72,84.98,122.59,115.72,74.9,111.74,1
22,39.48,32.01,24.66,38.25,122.59,101.2,111.74,115.72,84.98,2
22,48.19,23.24,32.58,29.23,101.2,48.15,84.98,111.74,122.59,3
22,20.91,20.67,20.62,30.3,48.15,25.69,122.59,84.98,101.2,4
22,19.3,28.16,24.57,30.63,25.69,23.67,101.2,122.59,48.15,5
22,16.11,26.85,20.67,40.08,23.67,23.01,48.15,101.2,25.69,6
22,22.09,23.77,33.6,119.48,23.01,37.16,25.69,48.15,23.67,7
22,95.55,27.66,125.62,148.07,37.16,74.03,23.67,25.69,23.01,8
22,112.74,50.54,96.37,91.38,74.03,106.57,23.01,23.67,37.16,9
22,92.34,98.21,78.66,106.93,106.57,118.46,37.16,23.01,74.03,10
22,102.2,93.54,25.03,85.18,118.46,156.06,74.03,37.16,106.57,11
22,149.56,19.98,58.92,85.32,156.06,150.91,106.57,74.03,118.46,12
22,20.56,24.22,137.38,109.01,150.91,206.2,118.46,106.57,156.06,13
22,45.96,29.96,102.74,89.74,206.2,93.98,156.06,118.46,150.91,14
22,29.75,74.9,177.29,81.08,93.98,88.03,150.91,156.06,206.2,15
22,28.36,121.68,127.31,42.55,88.03,116.43,206.2,150.91,93.98,16
22,44.32,114.07,130.98,61.4,116.43,133.52,93.98,206.2,88.03,17
22,31.85,115.03,220.4,27.89,133.52,134.03,88.03,93.98,116.43,18
22,33.26,77.32,163.27,44.68,134.03,87.95,116.43,88.03,133.52,19
22,54.0,149.0,91.86,81.4,87.95,67.91,133.52,116.43,134.03,20
22,56.04,33.89,102.57,82.54,67.91,125.09,134.03,133.52,87.95,21
22,20.71,26.08,178.44,150.71,125.09,79.77,87.95,134.03,67.91,22
22,49.1,45.73,74.9,58.6,79.77,46.59,67.91,87.95,125.09,23
22,52.46,50.18,115.72,20.65,46.59,39.48,125.09,67.91,79.77,24
23,106.97,70.9,111.74,97.12,39.48,48.19,79.77,125.09,46.59,1
23,32.01,31.62,84.98,24.66,48.19,20.91,46.59,79.77,39.48,2
23,23.24,29.59,122.59,32.58,20.91,19.3,39.48,46.59,48.19,3
23,20.67,20.34,101.2,20.62,19.3,16.11,48.19,39.48,20.91,4
23,28.16,17.54,48.15,24.57,16.11,22.09,20.91,48.19,19.3,5
23,26.85,25.93,25.69,20.67,22.09,95.55,19.3,20.91,16.11,6
23,23.77,32.23,23.67,33.6,95.55,112.74,16.11,19.3,22.09,7
23,27.66,15.9,23.01,125.62,112.74,92.34,22.09,16.11,95.55,8
23,50.54,25.89,37.16,96.37,92.34,102.2,95.55,22.09,112.74,9
23,98.21,79.84,74.03,78.66,102.2,149.56,112.74,95.55,92.34,10
23,93.54,31.34,106.57,25.03,149.56,20.56,92.34,112.74,102.2,11
23,19.98,38.09,118.46,58.92,20.56,45.96,102.2,92.34,149.56,12
23,24.22,65.91,156.06,137.38,45.96,29.75,149.56,102.2,20.56,13
23,29.96,42.39,150.91,102.74,29.75,28.36,20.56,149.56,45.96,14
23,74.9,45.25,206.2,177.29,28.36,44.32,45.96,20.56,29.75,15
23,121.68,69.26,93.98,127.31,44.32,31.85,29.75,45.96,28.36,16
23,114.07,31.62,88.03,130.98,31.85,33.26,28.36,29.75,44.32,17
23,115.03,38.58,116.43,220.4,33.26,54.0,44.32,28.36,31.85,18
23,77.32,74.9,133.52,163.27,54.0,56.04,31.85,44.32,33.26,19
23,149.0,89.84,134.03,91.86,56.04,20.71,33.26,31.85,54.0,20
23,33.89,98.06,87.95,102.57,20.71,49.1,54.0,33.26,56.04,21
23,26.08,97.18,67.91,178.44,49.1,52.46,56.04,54.0,20.71,22
23,45.73,54.67,125.09,74.9,52.46,106.97,20.71,56.04,49.1,23
23,50.18,90.78,79.77,115.72,106.97,32.01,49.1,20.71,52.46,24
24,70.9,99.57,46.59,111.74,32.01,23.24,52.46,49.1,106.97,1
24,31.62,74.81,39.48,84.98,23.24,20.67,106.97,52.46,32.01,2
24,29.59,53.41,48.19,122.59,20.67,28.16,32.01,106.97,23.24,3
24,20.34,31.63,20.91,101.2,28.16,26.85,23.24,32.01,20.67,4
24,17.54,18.97,19.3,48.15,26.85,23.77,20.67,23.24,28.16,5
24,25.93,16.5,16.11,25.69,23.77,27.66,28.16,20.67,26.85,6
24,32.23,18.56,22.09,23.67,27.66,50.54,26.85,28.16,23.77,7
24,15.9,31.91,95.55,23.01,50.54,98.21,23.77,26.85,27.66,8
24,25.89,26.34,112.74,37.16,98.21,93.54,27.66,23.77,50.54,9
24,79.84,23.56,92.34,74.03,93.54,19.98,50.54,27.66,98.21,10
24,31.34,40.12,102.2,106.57,19.98,24.22,98.21,50.54,93.54,11
24,38.09,160.58,149.56,118.46,24.22,29.96,93.54,98.21,19.98,12
24,65.91,56.3,20.56,156.06,29.96,74.9,19.98,93.54,24.22,13
24,42.39,74.78,45.96,150.91,74.9,121.68,24.22,19.98,29.96,14
24,45.25,114.91,29.75,206.2,121.68,114.07,29.96,24.22,74.9,15
24,69.26,88.37,28.36,93.98,114.07,115.03,74.9,29.96,121.68,16
24,31.62,102.05,44.32,88.03,115.03,77.32,121.68,74.9,114.07,17
24,38.58,80.08,31.85,116.43,77.32,149.0,114.07,121.68,115.03,18
24,74.9,134.75,33.26,133.52,149.0,33.89,115.03,114.07,77.32,19
24,89.84,137.55,54.0,134.03,33.89,26.08,77.32,115.03,149.0,20
24,98.06,212.38,56.04,87.95,26.08,45.73,149.0,77.32,33.89,21
24,97.18,158.2,20.71,67.91,45.73,50.18,33.89,149.0,26.08,22
24,54.67,192.01,49.1,125.09,50.18,70.9,26.08,33.89,45.73,23
24,90.78,173.47,52.46,79.77,70.9,31.62,45.73,26.08,50.18,24
25,99.57,109.73,106.97,46.59,31.62,29.59,50.18,45.73,70.9,1
25,74.81,84.83,32.01,39.48,29.59,20.34,70.9,50.18,31.62,2
25,53.41,85.6,23.24,48.19,20.34,17.54,31.62,70.9,29.59,3
25,31.63,95.41,20.67,20.91,17.54,25.93,29.59,31.62,20.34,4
25,18.97,75.48,28.16,19.3,25.93,32.23,20.34,29.59,17.54,5
25,16.5,161.68,26.85,16.11,32.23,15.9,17.54,20.34,25.93,6
25,18.56,114.66,23.77,22.09,15.9,25.89,25.93,17.54,32.23,7
25,31.91,17.55,27.66,95.55,25.89,79.84,32.23,25.93,15.9,8
25,26.34,19.25,50.54,112.74,79.84,31.34,15.9,32.23,25.89,9
25,23.56,26.73,98.21,92.34,31.34,38.09,25.89,15.9,79.84,10
25,40.12,28.19,93.54,102.2,38.09,65.91,79.84,25.89,31.34,11
25,160.58,19.65,19.98,149.56,65.91,42.39,31.34,79.84,38.09,12
25,56.3,22.25,24.22,20.56,42.39,45.25,38.09,31.34,65.91,13
25,74.78,61.91,29.96,45.96,45.25,69.26,65.91,38.09,42.39,14
25,114.91,103.83,74.9,29.75,69.26,31.62,42.39,65.91,45.25,15
25,88.37,34.32,121.68,28.36,31.62,38.58,45.25,42.39,69.26,16
25,102.05,22.75,114.07,44.32,38.58,74.9,69.26,45.25,31.62,17
25,80.08,29.97,115.03,31.85,74.9,89.84,31.62,69.26,38.58,18
25,134.75,18.74,77.32,33.26,89.84,98.06,38.58,31.62,74.9,19
25,137.55,24.74,149.0,54.0,98.06,97.18,74.9,38.58,89.84,20
25,212.38,20.31,33.89,56.04,97.18,54.67,89.84,74.9,98.06,21
25,158.2,81.15,26.08,20.71,54.67,90.78,98.06,89.84,97.18,22
25,192.01,75.38,45.73,49.1,90.78,99.57,97.18,98.06,54.67,23
25,173.47,134.4,50.18,52.46,99.57,74.81,54.67,97.18,90.78,24
26,109.73,83.63,70.9,106.97,74.81,53.41,90.78,54.67,99.57,1
26,84.83,93.56,31.62,32.01,53.41,31.63,99.57,90.78,74.81,2
26,85.6,88.13,29.59,23.24,31.63,18.97,74.81,99.57,53.41,3
26,95.41,62.09,20.34,20.67,18.97,16.5,53.41,74.81,31.63,4
26,75.48,18.3,17.54,28.16,16.5,18.56,31.63,53.41,18.97,5
26,161.68,25.36,25.93,26.85,18.56,31.91,18.97,31.63,16.5,6
26,114.66,25.06,32.23,23.77,31.91,26.34,16.5,18.97,18.56,7
26,17.55,22.88,15.9,27.66,26.34,23.56,18.56,16.5,31.91,8
26,19.25,20.24,25.89,50.54,23.56,40.12,31.91,18.56,26.34,9
26,26.73,64.63,79.84,98.21,40.12,160.58,26.34,31.91,23.56,10
26,28.19,24.86,31.34,93.54,160.58,56.3,23.56,26.34,40.12,11
26,19.65,27.96,38.09,19.98,56.3,74.78,40.12,23.56,160.58,12
26,22.25,38.9,65.91,24.22,74.78,114.91,160.58,40.12,56.3,13
26,61.91,112.59,42.39,29.96,114.91,88.37,56.3,160.58,74.78,14
26,103.83,89.63,45.25,74.9,88.37,102.05,74.78,56.3,114.91,15
26,34.32,86.69,69.26,121.68,102.05,80.08,114.91,74.78,88.37,16
26,22.75,95.22,31.62,114.07,80.08,134.75,88.37,114.91,102.05,17
26,29.97,94.54,38.58,115.03,134.75,137.55,102.05,88.37,80.08,18
26,18.74,38.38,74.9,77.32,137.55,212.38,80.08,102.05,134.75,19
26,24.74,21.33,89.84,149.0,212.38,158.2,134.75,80.08,137.55,20
26,20.31,28.46,98.06,33.89,158.2,192.01,137.55,134.75,212.38,21
26,81.15,68.94,97.18,26.08,192.01,173.47,212.38,137.55,158.2,22
26,75.38,91.36,54.67,45.73,173.47,109.73,158.2,212.38,192.01,23
26,134.4,78.62,90.78,50.18,109.73,84.83,192.01,158.2,173.47,24
27,83.63,38.7,99.57,70.9,84.83,85.6,173.47,192.01,109.73,1
27,93.56,59.68,74.81,31.62,85.6,95.41,109.73,173.47,84.83,2
27,88.13,58.21,53.41,29.59,95.41,75.48,84.83,109.73,85.6,3
27,62.09,23.19,31.63,20.34,75.48,161.68,85.6,84.83,95.41,4
27,18.3,17.58,18.97,17.54,161.68,114.66,95.41,85.6,75.48,5
27,25.36,24.52,16.5,25.93,114.66,17.55,75.48,95.41,161.68,6
27,25.06,35.2,18.56,32.23,17.55,19.25,161.68,75.48,114.66,7
27,22.88,67.25,31.91,15.9,19.25,26.73,114.66,161.68,17.55,8
27,20.24,109.58,26.34,25.89,26.73,28.19,17.55,114.66,19.25,9
27,64.63,132.79,23.56,79.84,28.19,19.65,19.25,17.55,26.73,10
27,24.86,58.14,40.12,31.34,19.65,22.25,26.73,19.25,28.19,11
27,27.96,25.75,160.58,38.09,22.25,61.91,28.19,26.73,19.65,12
27,38.9,18.26,56.3,65.91,61.91,103.83,19.65,28.19,22.25,13
27,112.59,30.1,74.78,42.39,103.83,34.32,22.25,19.65,61.91,14
27,89.63,22.09,114.91,45.25,34.32,22.75,61.91,22.25,103.83,15
27,86.69,26.06,88.37,69.26,22.75,29.97,103.83,61.91,34.32,16
27,95.22,23.83,102.05,31.62,29.97,18.74,34.32,103.83,22.75,17
27,94.54,44.77,80.08,38.58,18.74,24.74,22.75,34.32,29.97,18
27,38.38,63.54,134.75,74.9,24.74,20.31,29.97,22.75,18.74,19
27,21.33,76.37,137.55,89.84,20.31,81.15,18.74,29.97,24.74,20
27,28.46,89.19,212.38,98.06,81.15,75.38,24.74,18.74,20.31,21
27,68.94,210.99,158.2,97.18,75.38,134.4,20.31,24.74,81.15,22
27,91.36,45.89,192.01,54.67,134.4,83.63,81.15,20.31,75.38,23
27,78.62,24.92,173.47,90.78,83.63,93.56,75.38,81.15,134.4,24
28,38.7,26.25,109.73,99.57,93.56,88.13,134.4,75.38,83.63,1
28,59.68,53.71,84.83,74.81,88.13,62.09,83.63,134.4,93.56,2
28,58.21,33.9,85.6,53.41,62.09,18.3,93.56,83.63,88.13,3
28,23.19,18.26,95.41,31.63,18.3,25.36,88.13,93.56,62.09,4
28,17.58,25.92,75.48,18.97,25.36,25.06,62.09,88.13,18.3,5
28,24.52,22.35,161.68,16.5,25.06,22.88,18.3,62.09,25.36,6
28,35.2,52.06,114.66,18.56,22.88,20.24,25.36,18.3,25.06,7
28,67.25,124.52,17.55,31.91,20.24,64.63,25.06,25.36,22.88,8
28,109.58,282.54,19.25,26.34,64.63,24.86,22.88,25.06,20.24,9
28,132.79,120.34,26.73,23.56,24.86,27.96,20.24,22.88,64.63,10
28,58.14,246.97,28.19,40.12,27.96,38.9,64.63,20.24,24.86,11
28,25.75,183.23,19.65,160.58,38.9,112.59,24.86,64.63,27.96,12
28,18.26,126.04,22.25,56.3,112.59,89.63,27.96,24.86,38.9,13
28,30.1,142.77,61.91,74.78,89.63,86.69,38.9,27.96,112.59,14
28,22.09,43.35,103.83,114.91,86.69,95.22,112.59,38.9,89.63,15
28,26.06,41.99,34.32,88.37,95.22,94.54,89.63,112.59,86.69,16
28,23.83,25.44,22.75,102.05,94.54,38.38,86.69,89.63,95.22,17
28,44.77,40.76,29.97,80.08,38.38,21.33,95.22,86.69,94.54,18
28,63.54,97.0,18.74,134.75,21.33,28.46,94.54,95.22,38.38,19
28,76.37,232.75,24.74,137.55,28.46,68.94,38.38,94.54,21.33,20
28,89.19,295.08,20.31,212.38,68.94,91.36,21.33,38.38,28.46,21
28,210.99,184.94,81.15,158.2,91.36,78.62,28.46,21.33,68.94,22
28,45.89,128.8,75.38,192.01,78.62,38.7,68.94,28.46,91.36,23
28,24.92,38.02,134.4,173.47,38.7,59.68,91.36,68.94,78.62,24
29,26.25,32.55,83.63,109.73,59.68,58.21,78.62,91.36,38.7,1
29,53.71,19.81,93.56,84.83,58.21,23.19,38.7,78.62,59.68,2
29,33.9,19.96,88.13,85.6,23.19,17.58,59.68,38.7,58.21,3
29,18.26,26.21,62.09,95.41,17.58,24.52,58.21,59.68,23.19,4
29,25.92,30.64,18.3,75.48,24.52,35.2,23.19,58.21,17.58,5
29,22.35,21.98,25.36,161.68,35.2,67.25,17.58,23.19,24.52,6
29,52.06,49.51,25.06,114.66,67.25,109.58,24.52,17.58,35.2,7
29,124.52,147.38,22.88,17.55,109.58,132.79,35.2,24.52,67.25,8
29,282.54,95.95,20.24,19.25,132.79,58.14,67.25,35.2,109.58,9
29,120.34,88.49,64.63,26.73,58.14,25.75,109.58,67.25,132.79,10
29,246.97,75.86,24.86,28.19,25.75,18.26,132.79,109.58,58.14,11
29,183.23,94.66,27.96,19.65,18.26,30.1,58.14,132.79,25.75,12
29,126.04,113.13,38.9,22.25,30.1,22.09,25.75,58.14,18.26,13
29,142.77,105.88,112.59,61.91,22.09,26.06,18.26,25.75,30.1,14
29,43.35,99.74,89.63,103.83,26.06,23.83,30.1,18.26,22.09,15
29,41.99,92.19,86.69,34.32,23.83,44.77,22.09,30.1,26.06,16
29,25.44,44.88,95.22,22.75,44.77,63.54,26.06,22.09,23.83,17
29,40.76,51.85,94.54,29.97,63.54,76.37,23.83,26.06,44.77,18
29,97.0,62.47,38.38,18.74,76.37,89.19,44.77,23.83,63.54,19
29,232.75,120.59,21.33,24.74,89.19,210.99,63.54,44.77,76.37,20
29,295.08,150.47,28.46,20.31,210.99,45.89,76.37,63.54,89.19,21
29,184.94,125.01,68.94,81.15,45.89,24.92,89.19,76.37,210.99,22
29,128.8,78.3,91.36,75.38,24.92,26.25,210.99,89.19,45.89,23
29,38.02,20.93,78.62,134.4,26.25,53.71,45.89,210.99,24.92,24
30,32.55,18.7,38.7,83.63,53.71,33.9,24.92,45.89,26.25,1
30,19.81,32.31,59.68,93.56,33.9,18.26,26.25,24.92,53.71,2
30,19.96,53.27,58.21,88.13,18.26,25.92,53.71,26.25,33.9,3
30,26.21,21.22,23.19,62.09,25.92,22.35,33.9,53.71,18.26,4
30,30.64,19.45,17.58,18.3,22.35,52.06,18.26,33.9,25.92,5
30,21.98,30.28,24.52,25.36,52.06,124.52,25.92,18.26,22.35,6
30,49.51,43.01,35.2,25.06,124.52,282.54,22.35,25.92,52.06,7
30,147.38,136.82,67.25,22.88,282.54,120.34,52.06,22.35,124.52,8
30,95.95,127.71,109.58,20.24,120.34,246.97,124.52,52.06,282.54,9
30,88.49,80.13,132.79,64.63,246.97,183.23,282.54,124.52,120.34,10
30,75.86,80.61,58.14,24.86,183.23,126.04,120.34,282.54,246.97,11
30,94.66,137.85,25.75,27.96,126.04,142.77,246.97,120.34,183.23,12
30,113.13,122.49,18.26,38.9,142.77,43.35,183.23,246.97,126.04,13
30,105.88,63.65,30.1,112.59,43.35,41.99,126.04,183.23,142.77,14
30,99.74,31.53,22.09,89.63,41.99,25.44,142.77,126.04,43.35,15
30,92.19,119.77,26.06,86.69,25.44,40.76,43.35,142.77,41.99,16
30,44.88,115.9,23.83,95.22,40.76,97.0,41.99,43.35,25.44,17
30,51.85,96.19,44.77,94.54,97.0,232.75,25.44,41.99,40.76,18
30,62.47,137.92,63.54,38.38,232.75,295.08,40.76,25.44,97.0,19
30,120.59,128.79,76.37,21.33,295.08,184.94,97.0,40.76,232.75,20
30,150.47,67.12,89.19,28.46,184.94,128.8,232.75,97.0,295.08,21
30,125.01,75.58,210.99,68.94,128.8,38.02,295.08,232.75,184.94,22
30,78.3,69.85,45.89,91.36,38.02,32.55,184.94,295.08,128.8,23
30,20.93,33.83,24.92,78.62,32.55,19.81,128.8,184.94,38.02,24
31,18.7,34.3,26.25,38.7,19.81,19.96,38.02,128.8,32.55,1
31,32.31,24.1,53.71,59.68,19.96,26.21,32.55,38.02,19.81,2
31,53.27,22.76,33.9,58.21,26.21,30.64,19.81,32.55,19.96,3
31,21.22,21.36,18.26,23.19,30.64,21.98,19.96,19.81,26.21,4
31,19.45,26.96,25.92,17.58,21.98,49.51,26.21,19.96,30.64,5
31,30.28,19.1,22.35,24.52,49.51,147.38,30.64,26.21,21.98,6
31,43.01,20.29,52.06,35.2,147.38,95.95,21.98,30.64,49.51,7
31,136.82,54.95,124.52,67.25,95.95,88.49,49.51,21.98,147.38,8
31,127.71,35.33,282.54,109.58,88.49,75.86,147.38,49.51,95.95,9
31,80.13,83.25,120.34,132.79,75.86,94.66,95.95,147.38,88.49,10
31,80.61,121.09,246.97,58.14,94.66,113.13,88.49,95.95,75.86,11
31,137.85,109.97,183.23,25.75,113.13,105.88,75.86,88.49,94.66,12
31,122.49,90.66,126.04,18.26,105.88,99.74,94.66,75.86,113.13,13
31,63.65,84.34,142.77,30.1,99.74,92.19,113.13,94.66,105.88,14
31,31.53,96.29,43.35,22.09,92.19,44.88,105.88,113.13,99.74,15
31,119.77,118.88,41.99,26.06,44.88,51.85,99.74,105.88,92.19,16
31,115.9,72.44,25.44,23.83,51.85,62.47,92.19,99.74,44.88,17
31,96.19,68.12,40.76,44.77,62.47,120.59,44.88,92.19,51.85,18
31,137.92,112.72,97.0,63.54,120.59,150.47,51.85,44.88,62.47,19
31,128.79,116.05,232.75,76.37,150.47,125.01,62.47,51.85,120.59,20
31,67.12,131.56,295.08,89.19,125.01,78.3,120.59,62.47,150.47,21
31,75.58,103.26,184.94,210.99,78.3,20.93,150.47,120.59,125.01,22
31,69.85,82.97,128.8,45.89,20.93,18.7,125.01,150.47,78.3,23
31,33.83,25.81,38.02,24.92,18.7,32.31,78.3,125.01,20.93,24
32,34.3,20.66,32.55,26.25,32.31,53.27,20.93,78.3,18.7,1
32,24.1,22.06,19.81,53.71,53.27,21.22,18.7,20.93,32.31,2
32,22.76,21.26,19.96,33.9,21.22,19.45,32.31,18.7,53.27,3
32,21.36,63.87,26.21,18.26,19.45,30.28,53.27,32.31,21.22,4
32,26.96,18.27,30.64,25.92,30.28,43.01,21.22,53.27,19.45,5
32,19.1,21.69,21.98,22.35,43.01,136.82,19.45,21.22,30.28,6
32,20.29,61.54,49.51,52.06,136.82,127.71,30.28,19.45,43.01,7
32,54.95,177.69,147.38,124.52,127.71,80.13,43.01,30.28,136.82,8
32,35.33,119.78,95.95,282.54,80.13,80.61,136.82,43.01,127.71,9
32,83.25,80.23,88.49,120.34,80.61,137.85,127.71,136.82,80.13,10
32,121.09,80.19,75.86,246.97,137.85,122.49,80.13,127.71,80.61,11
32,109.97,81.27,94.66,183.23,122.49,63.65,80.61,80.13,137.85,12
32,90.66,85.28,113.13,126.04,63.65,31.53,137.85,80.61,122.49,13
32,84.34,111.86,105.88,142.77,31.53,119.77,122.49,137.85,63.65,14
32,96.29,81.16,99.74,43.35,119.77,115.9,63.65,122.49,31.53,15
32,118.88,51.92,92.19,41.99,115.9,96.19,31.53,63.65,119.77,16
32,72.44,26.76,44.88,25.44,96.19,137.92,119.77,31.53,115.9,17
32,68.12,42.4,51.85,40.76,137.92,128.79,115.9,119.77,96.19,18
32,112.72,85.96,62.47,97.0,128.79,67.12,96.19,115.9,137.92,19
32,116.05,120.52,120.59,232.75,67.12,75.58,137.92,96.19,128.79,20
32,131.56,135.5,150.47,295.08,75.58,69.85,128.79,137.92,67.12,21
32,103.26,173.51,125.01,184.94,69.85,33.83,67.12,128.79,75.58,22
32,82.97,112.09,78.3,128.8,33.83,34.3,75.58,67.12,69.85,23
32,25.81,30.22,20.93,38.02,34.3,24.1,69.85,75.58,33.83,24
33,20.66,23.4,18.7,32.55,24.1,22.76,33.83,69.85,34.3,1
33,22.06,18.6,32.31,19.81,22.76,21.36,34.3,33.83,24.1,2
33,21.26,18.01,53.27,19.96,21.36,26.96,24.1,34.3,22.76,3
33,63.87,17.22,21.22,26.21,26.96,19.1,22.76,24.1,21.36,4
33,18.27,19.5,19.45,30.64,19.1,20.29,21.36,22.76,26.96,5
33,21.69,24.92,30.28,21.98,20.29,54.95,26.96,21.36,19.1,6
33,61.54,93.31,43.01,49.51,54.95,35.33,19.1,26.96,20.29,7
33,177.69,129.12,136.82,147.38,35.33,83.25,20.29,19.1,54.95,8
33,119.78,116.62,127.71,95.95,83.25,121.09,54.95,20.29,35.33,9
33,80.23,100.63,80.13,88.49,121.09,109.97,35.33,54.95,83.25,10
33,80.19,61.42,80.61,75.86,109.97,90.66,83.25,35.33,121.09,11
33,81.27,85.27,137.85,94.66,90.66,84.34,121.09,83.25,109.97,12
33,85.28,84.02,122.49,113.13,84.34,96.29,109.97,121.09,90.66,13
33,111.86,59.8,63.65,105.88,96.29,118.88,90.66,109.97,84.34,14
33,81.16,34.47,31.53,99.74,118.88,72.44,84.34,90.66,96.29,15
33,51.92,30.99,119.77,92.19,72.44,68.12,96.29,84.34,118.88,16
33,26.76,33.72,115.9,44.88,68.12,112.72,118.88,96.29,72.44,17
33,42.4,139.06,96.19,51.85,112.72,116.05,72.44,118.88,68.12,18
33,85.96,166.01,137.92,62.47,116.05,131.56,68.12,72.44,112.72,19
33,120.52,165.53,128.79,120.59,131.56,103.26,112.72,68.12,116.05,20
33,135.5,204.42,67.12,150.47,103.26,82.97,116.05,112.72,131.56,21
33,173.51,193.1,75.58,125.01,82.97,25.81,131.56,116.05,103.26,22
33,112.09,159.34,69.85,78.3,25.81,20.66,103.26,131.56,82.97,23
33,30.22,78.98,33.83,20.93,20.66,22.06,82.97,103.26,25.81,24
34,23.4,52.55,34.3,18.7,22.06,21.26,25.81,82.97,20.66,1
34,18.6,28.03,24.1,32.31,21.26,63.87,20.66,25.81,22.06,2
34,18.01,17.76,22.76,53.27,63.87,18.27,22.06,20.66,21.26,3
34,17.22,20.61,21.36,21.22,18.27,21.69,21.26,22.06,63.87,4
34,19.5,18.01,26.96,19.45,21.69,61.54,63.87,21.26,18.27,5
34,24.92,23.56,19.1,30.28,61.54,177.69,18.27,63.87,21.69,6
34,93.31,42.33,20.29,43.01,177.69,119.78,21.69,18.27,61.54,7
34,129.12,150.23,54.95,136.82,119.78,80.23,61.54,21.69,177.69,8
34,116.62,160.82,35.33,127.71,80.23,80.19,177.69,61.54,119.78,9
34,100.63,101.86,83.25,80.13,80.19,81.27,119.78,177.69,80.23,10
34,61.42,217.96,121.09,80.61,81.27,85.28,80.23,119.78,80.19,11
34,85.27,224.22,109.97,137.85,85.28,111.86,80.19,80.23,81.27,12
34,84.02,99.3,90.66,122.49,111.86,81.16,81.27,80.19,85.28,13
34,59.8,137.46,84.34,63.65,81.16,51.92,85.28,81.27,111.86,14
34,34.47,134.67,96.29,31.53,51.92,26.76,111.86,85.28,81.16,15
34,30.99,98.63,118.88,119.77,26.76,42.4,81.16,111.86,51.92,16
34,33.72,97.54,72.44,115.9,42.4,85.96,51.92,81.16,26.76,17
34,139.06,82.45,68.12,96.19,85.96,120.52,26.76,51.92,42.4,18
34,166.01,91.18,112.72,137.92,120.52,135.5,42.4,26.76,85.96,19
34,165.53,58.7,116.05,128.79,135.5,173.51,85.96,42.4,120.52,20
34,204.42,24.06,131.56,67.12,173.51,112.09,120.52,85.96,135.5,21
34,193.1,23.49,103.26,75.58,112.09,30.22,135.5,120.52,173.51,22
34,159.34,24.91,82.97,69.85,30.22,23.4,173.51,135.5,112.09,23
34,78.98,81.16,25.81,33.83,23.4,18.6,112.09,173.51,30.22,24
35,52.55,35.74,20.66,34.3,18.6,18.01,30.22,112.09,23.4,1
35,28.03,18.47,22.06,24.1,18.01,17.22,23.4,30.22,18.6,2
35,17.76,21.39,21.26,22.76,17.22,19.5,18.6,23.4,18.01,3
35,20.61,20.7,63.87,21.36,19.5,24.92,18.01,18.6,17.22,4
35,18.01,20.86,18.27,26.96,24.92,93.31,17.22,18.01,19.5,5
35,23.56,21.19,21.69,19.1,93.31,129.12,19.5,17.22,24.92,6
35,42.33,78.88,61.54,20.29,129.12,116.62,24.92,19.5,93.31,7
35,150.23,36.08,177.69,54.95,116.62,100.63,93.31,24.92,129.12,8
35,160.82,46.24,119.78,35.33,100.63,61.42,129.12,93.31,116.62,9
35,101.86,67.85,80.23,83.25,61.42,85.27,116.62,129.12,100.63,10
35,217.96,85.97,80.19,121.09,85.27,84.02,100.63,116.62,61.42,11
35,224.22,176.21,81.27,109.97,84.02,59.8,61.42,100.63,85.27,12
35,99.3,128.57,85.28,90.66,59.8,34.47,85.27,61.42,84.02,13
35,137.46,83.35,111.86,84.34,34.47,30.99,84.02,85.27,59.8,14
35,134.67,100.78,81.16,96.29,30.99,33.72,59.8,84.02,34.47,15
35,98.63,165.06,51.92,118.88,33.72,139.06,34.47,59.8,30.99,16
35,97.54,138.84,26.76,72.44,139.06,166.01,30.99,34.47,33.72,17
35,82.45,145.35,42.4,68.12,166.01,165.53,33.72,30.99,139.06,18
35,91.18,81.39,85.96,112.72,165.53,204.42,139.06,33.72,166.01,19
35,58.7,103.39,120.52,116.05,204.42,193.1,166.01,139.06,165.53,20
35,24.06,114.25,135.5,131.56,193.1,159.34,165.53,166.01,204.42,21
35,23.49,59.6,173.51,103.26,159.34,78.98,204.42,165.53,193.1,22
35,24.91,28.62,112.09,82.97,78.98,52.55,193.1,204.42,159.34,23
35,81.16,15.4,30.22,25.81,52.55,28.03,159.34,193.1,78.98,24
36,35.74,52.96,23.4,20.66,28.03,17.76,78.98,159.34,52.55,1
36,18.47,16.94,18.6,22.06,17.76,20.61,52.55,78.98,28.03,2
36,21.39,22.67,18.01,21.26,20.61,18.01,28.03,52.55,17.76,3
36,20.7,17.63,17.22,63.87,18.01,23.56,17.76,28.03,20.61,4
36,20.86,14.71,19.5,18.27,23.56,42.33,20.61,17.76,18.01,5
36,21.19,17.3,24.92,21.69,42.33,150.23,18.01,20.61,23.56,6
36,78.88,43.27,93.31,61.54,150.23,160.82,23.56,18.01,42.33,7
36,36.08,156.97,129.12,177.69,160.82,101.86,42.33,23.56,150.23,8
36,46.24,151.12,116.62,119.78,101.86,217.96,150.23,42.33,160.82,9
36,67.85,107.14,100.63,80.23,217.96,224.22,160.82,150.23,101.86,10
36,85.97,105.24,61.42,80.19,224.22,99.3,101.86,160.82,217.96,11
36,176.21,80.48,85.27,81.27,99.3,137.46,217.96,101.86,224.22,12
36,128.57,79.18,84.02,85.28,137.46,134.67,224.22,217.96,99.3,13
36,83.35,48.68,59.8,111.86,134.67,98.63,99.3,224.22,137.46,14
36,100.78,73.87,34.47,81.16,98.63,97.54,137.46,99.3,134.67,15
36,165.06,109.64,30.99,51.92,97.54,82.45,134.67,137.46,98.63,16
36,138.84,75.7,33.72,26.76,82.45,91.18,98.63,134.67,97.54,17
36,145.35,161.31,139.06,42.4,91.18,58.7,97.54,98.63,82.45,18
36,81.39,146.66,166.01,85.96,58.7,24.06,82.45,97.54,91.18,19
36,103.39,125.05,165.53,120.52,24.06,23.49,91.18,82.45,58.7,20
36,114.25,100.13,204.42,135.5,23.49,24.91,58.7,91.18,24.06,21
36,59.6,71.53,193.1,173.51,24.91,81.16,24.06,58.7,23.49,22
36,28.62,17.34,159.34,112.09,81.16,35.74,23.49,24.06,24.91,23
36,15.4,40.61,78.98,30.22,35.74,18.47,24.91,23.49,81.16,24
37,52.96,39.91,52.55,23.4,18.47,21.39,81.16,24.91,35.74,1
37,16.94,47.83,28.03,18.6,21.39,20.7,35.74,81.16,18.47,2
37,22.67,20.99,17.76,18.01,20.7,20.86,18.47,35.74,21.39,3
37,17.63,15.48,20.61,17.22,20.86,21.19,21.39,18.47,20.7,4
37,14.71,17.96,18.01,19.5,21.19,78.88,20.7,21.39,20.86,5
37,17.3,23.72,23.56,24.92,78.88,36.08,20.86,20.7,21.19,6
37,43.27,30.15,42.33,93.31,36.08,46.24,21.19,20.86,78.88,7
37,156.97,122.07,150.23,129.12,46.24,67.85,78.88,21.19,36.08,8
37,151.12,96.21,160.82,116.62,67.85,85.97,36.08,78.88,46.24,9
37,107.14,49.37,101.86,100.63,85.97,176.21,46.24,36.08,67.85,10
37,105.24,28.62,217.96,61.42,176.21,128.57,67.85,46.24,85.97,11
37,80.48,59.48,224.22,85.27,128.57,83.35,85.97,67.85,176.21,12
37,79.18,60.33,99.3,84.02,83.35,100.78,176.21,85.97,128.57,13
37,48.68,137.54,137.46,59.8,100.78,165.06,128.57,176.21,83.35,14
37,73.87,128.92,134.67,34.47,165.06,138.84,83.35,128.57,100.78,15
37,109.64,142.01,98.63,30.99,138.84,145.35,100.78,83.35,165.06,16
37,75.7,200.21,97.54,33.72,145.35,81.39,165.06,100.78,138.84,17
37,161.31,157.89,82.45,139.06,81.39,103.39,138.84,165.06,145.35,18
37,146.66,94.9,91.18,166.01,103.39,114.25,145.35,138.84,81.39,19
37,125.05,132.97,58.7,165.53,114.25,59.6,81.39,145.35,103.39,20
37,100.13,105.29,24.06,204.42,59.6,28.62,103.39,81.39,114.25,21
37,71.53,88.31,23.49,193.1,28.62,15.4,114.25,103.39,59.6,22
37,17.34,92.31,24.91,159.34,15.4,52.96,59.6,114.25,28.62,23
37,40.61,96.06,81.16,78.98,52.96,16.94,28.62,59.6,15.4,24
38,39.91,97.53,35.74,52.55,16.94,22.67,15.4,28.62,52.96,1
38,47.83,107.5,18.47,28.03,22.67,17.63,52.96,15.4,16.94,2
38,20.99,57.88,21.39,17.76,17.63,14.71,16.94,52.96,22.67,3
38,15.48,32.52,20.7,20.61,14.71,17.3,22.67,16.94,17.63,4
38,17.96,19.5,20.86,18.01,17.3,43.27,17.63,22.67,14.71,5
38,23.72,19.26,21.19,23.56,43.27,156.97,14.71,17.63,17.3,6
38,30.15,14.77,78.88,42.33,156.97,151.12,17.3,14.71,43.27,7
38,122.07,19.67,36.08,150.23,151.12,107.14,43.27,17.3,156.97,8
38,96.21,33.58,46.24,160.82,107.14,105.24,156.97,43.27,151.12,9
38,49.37,57.37,67.85,101.86,105.24,80.48,151.12,156.97,107.14,10
38,28.62,75.91,85.97,217.96,80.48,79.18,107.14,151.12,105.24,11
38,59.48,55.0,176.21,224.22,79.18,48.68,105.24,107.14,80.48,12
38,60.33,92.65,128.57,99.3,48.68,73.87,80.48,105.24,79.18,13
38,137.54,77.2,83.35,137.46,73.87,109.64,79.18,80.48,48.68,14
38,128.92,88.17,100.78,134.67,109.64,75.7,48.68,79.18,73.87,15
38,142.01,251.85,165.06,98.63,75.7,161.31,73.87,48.68,109.64,16
38,200.21,181.59,138.84,97.54,161.31,146.66,109.64,73.87,75.7,17
38,157.89,135.26,145.35,82.45,146.66,125.05,75.7,109.64,161.31,18
38,94.9,145.49,81.39,91.18,125.05,100.13,161.31,75.7,146.66,19
38,132.97,76.46,103.39,58.7,100.13,71.53,146.66,161.31,125.05,20
38,105.29,156.43,114.25,24.06,71.53,17.34,125.05,146.66,100.13,21
38,88.31,151.87,59.6,23.49,17.34,40.61,100.13,125.05,71.53,22
38,92.31,60.75,28.62,24.91,40.61,39.91,71.53,100.13,17.34,23
38,96.06,22.05,15.4,81.16,39.91,47.83,17.34,71.53,40.61,24
39,97.53,17.16,52.96,35.74,47.83,20.99,40.61,17.34,39.91,1
39,107.5,20.02,16.94,18.47,20.99,15.48,39.91,40.61,47.83,2
39,57.88,19.38,22.67,21.39,15.48,17.96,47.83,39.91,20.99,3
39,32.52,31.84,17.63,20.7,17.96,23.72,20.99,47.83,15.48,4
39,19.5,37.25,14.71,20.86,23.72,30.15,15.48,20.99,17.96,5
39,19.26,19.11,17.3,21.19,30.15,122.07,17.96,15.48,23.72,6
39,14.77,57.16,43.27,78.88,122.07,96.21,23.72,17.96,30.15,7
39,19.67,171.65,156.97,36.08,96.21,49.37,30.15,23.72,122.07,8
39,33.58,96.49,151.12,46.24,49.37,28.62,122.07,30.15,96.21,9
39,57.37,84.76,107.14,67.85,28.62,59.48,96.21,122.07,49.37,10
39,75.91,70.7,105.24,85.97,59.48,60.33,49.37,96.21,28.62,11
39,55.0,73.62,80.48,176.21,60.33,137.54,28.62,49.37,59.48,12
39,92.65,171.74,79.18,128.57,137.54,128.92,59.48,28.62,60.33,13
39,77.2,193.02,48.68,83.35,128.92,142.01,60.33,59.48,137.54,14
39,88.17,23.21,73.87,100.78,142.01,200.21,137.54,60.33,128.92,15
39,251.85,22.02,109.64,165.06,200.21,157.89,128.92,137.54,142.01,16
39,181.59,26.53,75.7,138.84,157.89,94.9,142.01,128.92,200.21,17
39,135.26,47.76,161.31,145.35,94.9,132.97,200.21,142.01,157.89,18
39,145.49,80.63,146.66,81.39,132.97,105.29,157.89,200.21,94.9,19
39,76.46,96.6,125.05,103.39,105.29,88.31,94.9,157.89,132.97,20
39,156.43,192.05,100.13,114.25,88.31,92.31,132.97,94.9,105.29,21
39,151.87,83.27,71.53,59.6,92.31,96.06,105.29,132.97,88.31,22
39,60.75,68.28,17.34,28.62,96.06,97.53,88.31,105.29,92.31,23
39,22.05,34.04,40.61,15.4,97.53,107.5,92.31,88.31,96.06,24
40,17.16,20.91,39.91,52.96,107.5,57.88,96.06,92.31,97.53,1
40,20.02,18.92,47.83,16.94,57.88,32.52,97.53,96.06,107.5,2
40,19.38,62.66,20.99,22.67,32.52,19.5,107.5,97.53,57.88,3
40,31.84,15.56,15.48,17.63,19.5,19.26,57.88,107.5,32.52,4
40,37.25,15.85,17.96,14.71,19.26,14.77,32.52,57.88,19.5,5
40,19.11,18.34,23.72,17.3,14.77,19.67,19.5,32.52,19.26,6
40,57.16,84.3,30.15,43.27,19.67,33.58,19.26,19.5,14.77,7
40,171.65,153.66,122.07,156.97,33.58,57.37,14.77,19.26,19.67,8
40,96.49,102.52,96.21,151.12,57.37,75.91,19.67,14.77,33.58,9
40,84.76,101.2,49.37,107.14,75.91,55.0,33.58,19.67,57.37,10
40,70.7,84.4,28.62,105.24,55.0,92.65,57.37,33.58,75.91,11
40,73.62,49.43,59.48,80.48,92.65,77.2,75.91,57.37,55.0,12
40,171.74,21.09,60.33,79.18,77.2,88.17,55.0,75.91,92.65,13
40,193.02,21.01,137.54,48.68,88.17,251.85,92.65,55.0,77.2,14
40,23.21,18.65,128.92,73.87,251.85,181.59,77.2,92.65,88.17,15
40,22.02,17.62,142.01,109.64,181.59,135.26,88.17,77.2,251.85,16
40,26.53,34.52,200.21,75.7,135.26,145.49,251.85,88.17,181.59,17
40,47.76,85.92,157.89,161.31,145.49,76.46,181.59,251.85,135.26,18
40,80.63,116.74,94.9,146.66,76.46,156.43,135.26,181.59,145.49,19
40,96.6,112.21,132.97,125.05,156.43,151.87,145.49,135.26,76.46,20
40,192.05,129.07,105.29,100.13,151.87,60.75,76.46,145.49,156.43,21
40,83.27,141.82,88.31,71.53,60.75,22.05,156.43,76.46,151.87,22
40,68.28,51.44,92.31,17.34,22.05,17.16,151.87,156.43,60.75,23
40,34.04,34.61,96.06,40.61,17.16,20.02,60.75,151.87,22.05,24
41,20.91,24.51,97.53,39.91,20.02,19.38,22.05,60.75,17.16,1
41,18.92,18.57,107.5,47.83,19.38,31.84,17.16,22.05,20.02,2
41,62.66,21.86,57.88,20.99,31.84,37.25,20.02,17.16,19.38,3
41,15.56,19.87,32.52,15.48,37.25,19.11,19.38,20.02,31.84,4
41,15.85,34.99,19.5,17.96,19.11,57.16,31.84,19.38,37.25,5
41,18.34,43.84,19.26,23.72,57.16,171.65,37.25,31.84,19.11,6
41,84.3,61.29,14.77,30.15,171.65,96.49,19.11,37.25,57.16,7
41,153.66,177.11,19.67,122.07,96.49,84.76,57.16,19.11,171.65,8
41,102.52,86.64,33.58,96.21,84.76,70.7,171.65,57.16,96.49,9
41,101.2,69.24,57.37,49.37,70.7,73.62,96.49,171.65,84.76,10
41,84.4,78.21,75.91,28.62,73.62,171.74,84.76,96.49,70.7,11
41,49.43,91.78,55.0,59.48,171.74,193.02,70.7,84.76,73.62,12
41,21.09,87.44,92.65,60.33,193.02,23.21,73.62,70.7,171.74,13
41,21.01,46.47,77.2,137.54,23.21,22.02,171.74,73.62,193.02,14
41,18.65,18.77,88.17,128.92,22.02,26.53,193.02,171.74,23.21,15
41,17.62,26.97,251.85,142.01,26.53,47.76,23.21,193.02,22.02,16
41,34.52,48.56,181.59,200.21,47.76,80.63,22.02,23.21,26.53,17
41,85.92,70.03,135.26,157.89,80.63,96.6,26.53,22.02,47.76,18
41,116.74,92.07,145.49,94.9,96.6,192.05,47.76,26.53,80.63,19
41,112.21,131.78,76.46,132.97,192.05,83.27,80.63,47.76,96.6,20
41,129.07,120.2,156.43,105.29,83.27,68.28,96.6,80.63,192.05,21
41,141.82,111.76,151.87,88.31,68.28,34.04,192.05,96.6,83.27,22
41,51.44,64.5,60.75,92.31,34.04,20.91,83.27,192.05,68.28,23
41,34.61,34.76,22.05,96.06,20.91,18.92,68.28,83.27,34.04,24
42,24.51,30.41,17.16,97.53,18.92,62.66,34.04,68.28,20.91,1
42,18.57,20.5,20.02,107.5,62.66,15.56,20.91,34.04,18.92,2
42,21.86,28.27,19.38,57.88,15.56,15.85,18.92,20.91,62.66,3
42,19.87,64.7,31.84,32.52,15.85,18.34,62.66,18.92,15.56,4
42,34.99,31.05,37.25,19.5,18.34,84.3,15.56,62.66,15.85,5
42,43.84,23.95,19.11,19.26,84.3,153.66,15.85,15.56,18.34,6
42,61.29,60.19,57.16,14.77,153.66,102.52,18.34,15.85,84.3,7
42,177.11,169.68,171.65,19.67,102.52,101.2,84.3,18.34,153.66,8
42,86.64,94.44,96.49,33.58,101.2,84.4,153.66,84.3,102.52,9
42,69.24,71.2,84.76,57.37,84.4,49.43,102.52,153.66,101.2,10
42,78.21,73.31,70.7,75.91,49.43,21.09,101.2,102.52,84.4,11
42,91.78,82.08,73.62,55.0,21.09,21.01,84.4,101.2,49.43,12
42,87.44,104.06,171.74,92.65,21.01,18.65,49.43,84.4,21.09,13
42,46.47,53.43,193.02,77.2,18.65,17.62,21.09,49.43,21.01,14
42,18.77,24.09,23.21,88.17,17.62,34.52,21.01,21.09,18.65,15
42,26.97,21.78,22.02,251.85,34.52,85.92,18.65,21.01,17.62,16
42,48.56,25.31,26.53,181.59,85.92,116.74,17.62,18.65,34.52,17
42,70.03,32.36,47.76,135.26,116.74,112.21,34.52,17.62,85.92,18
42,92.07,146.26,80.63,145.49,112.21,129.07,85.92,34.52,116.74,19
42,131.78,155.86,96.6,76.46,129.07,141.82,116.74,85.92,112.21,20
42,120.2,124.42,192.05,156.43,141.82,51.44,112.21,116.74,129.07,21
42,111.76,108.33,83.27,151.87,51.44,34.61,129.07,112.21,141.82,22
42,64.5,49.82,68.28,60.75,34.61,24.51,141.82,129.07,51.44,23
42,34.76,28.56,34.04,22.05,24.51,18.57,51.44,141.82,34.61,24
43,30.41,21.38,20.91,17.16,18.57,21.86,34.61,51.44,24.51,1
43,20.5,15.8,18.92,20.02,21.86,19.87,24.51,34.61,18.57,2
43,28.27,54.93,62.66,19.38,19.87,34.99,18.57,24.51,21.86,3
43,64.7,20.69,15.56,31.84,34.99,43.84,21.86,18.57,19.87,4
43,31.05,18.81,15.85,37.25,43.84,61.29,19.87,21.86,34.99,5
43,23.95,15.72,18.34,19.11,61.29,177.11,34.99,19.87,43.84,6
43,60.19,44.79,84.3,57.16,177.11,86.64,43.84,34.99,61.29,7
43,169.68,119.47,153.66,171.65,86.64,69.24,61.29,43.84,177.11,8
43,94.44,78.88,102.52,96.49,69.24,78.21,177.11,61.29,86.64,9
43,71.2,71.54,101.2,84.76,78.21,91.78,86.64,177.11,69.24,10
43,73.31,75.61,84.4,70.7,91.78,87.44,69.24,86.64,78.21,11
43,82.08,94.29,49.43,73.62,87.44,46.47,78.21,69.24,91.78,12
43,104.06,89.59,21.09,171.74,46.47,18.77,91.78,78.21,87.44,13
43,53.43,90.74,21.01,193.02,18.77,26.97,87.44,91.78,46.47,14
43,24.09,98.25,18.65,23.21,26.97,48.56,46.47,87.44,18.77,15
43,21.78,88.67,17.62,22.02,48.56,70.03,18.77,46.47,26.97,16
43,25.31,100.92,34.52,26.53,70.03,92.07,26.97,18.77,48.56,17
43,32.36,46.12,85.92,47.76,92.07,131.78,48.56,26.97,70.03,18
43,146.26,52.64,116.74,80.63,131.78,120.2,70.03,48.56,92.07,19
43,155.86,70.95,112.21,96.6,120.2,111.76,92.07,70.03,131.78,20
43,124.42,103.44,129.07,192.05,111.76,64.5,131.78,92.07,120.2,21
43,108.33,120.68,141.82,83.27,64.5,34.76,120.2,131.78,111.76,22
43,49.82,38.94,51.44,68.28,34.76,30.41,111.76,120.2,64.5,23
43,28.56,22.36,34.61,34.04,30.41,20.5,64.5,111.76,34.76,24
44,21.38,17.76,24.51,20.91,20.5,28.27,34.76,64.5,30.41,1
44,15.8,17.88,18.57,18.92,28.27,64.7,30.41,34.76,20.5,2
44,54.93,24.48,21.86,62.66,64.7,31.05,20.5,30.41,28.27,3
44,20.69,17.23,19.87,15.56,31.05,23.95,28.27,20.5,64.7,4
44,18.81,20.19,34.99,15.85,23.95,60.19,64.7,28.27,31.05,5
44,15.72,53.23,43.84,18.34,60.19,169.68,31.05,64.7,23.95,6
44,44.79,42.93,61.29,84.3,169.68,94.44,23.95,31.05,60.19,7
44,119.47,165.78,177.11,153.66,94.44,71.2,60.19,23.95,169.68,8
44,78.88,114.19,86.64,102.52,71.2,73.31,169.68,60.19,94.44,9
44,71.54,117.37,69.24,101.2,73.31,82.08,94.44,169.68,71.2,10
44,75.61,70.99,78.21,84.4,82.08,104.06,71.2,94.44,73.31,11
44,94.29,156.0,91.78,49.43,104.06,53.43,73.31,71.2,82.08,12
44,89.59,64.56,87.44,21.09,53.43,24.09,82.08,73.31,104.06,13
44,90.74,71.8,46.47,21.01,24.09,21.78,104.06,82.08,53.43,14
44,98.25,56.8,18.77,18.65,21.78,25.31,53.43,104.06,24.09,15
44,88.67,84.62,26.97,17.62,25.31,32.36,24.09,53.43,21.78,16
44,100.92,93.69,48.56,34.52,32.36,146.26,21.78,24.09,25.31,17
44,46.12,99.17,70.03,85.92,146.26,155.86,25.31,21.78,32.36,18
44,52.64,288.15,92.07,116.74,155.86,124.42,32.36,25.31,146.26,19
44,70.95,216.43,131.78,112.21,124.42,108.33,146.26,32.36,155.86,20
44,103.44,127.99,120.2,129.07,108.33,49.82,155.86,146.26,124.42,21
44,120.68,116.49,111.76,141.82,49.82,28.56,124.42,155.86,108.33,22
44,38.94,80.27,64.5,51.44,28.56,21.38,108.33,124.42,49.82,23
44,22.36,41.55,34.76,34.61,21.38,15.8,49.82,108.33,28.56,24
45,17.76,19.73,30.41,24.51,15.8,54.93,28.56,49.82,21.38,1
45,17.88,18.54,20.5,18.57,54.93,20.69,21.38,28.56,15.8,2
45,24.48,15.6,28.27,21.86,20.69,18.81,15.8,21.38,54.93,3
45,17.23,17.04,64.7,19.87,18.81,15.72,54.93,15.8,20.69,4
45,20.19,22.56,31.05,34.99,15.72,44.79,20.69,54.93,18.81,5
45,53.23,15.51,23.95,43.84,44.79,119.47,18.81,20.69,15.72,6
45,42.93,62.97,60.19,61.29,119.47,78.88,15.72,18.81,44.79,7
45,165.78,134.29,169.68,177.11,78.88,71.54,44.79,15.72,119.47,8
45,114.19,147.43,94.44,86.64,71.54,75.61,119.47,44.79,78.88,9
45,117.37,78.03,71.2,69.24,75.61,94.29,78.88,119.47,71.54,10
45,70.99,162.15,73.31,78.21,94.29,89.59,71.54,78.88,75.61,11
45,156.0,167.68,82.08,91.78,89.59,90.74,75.61,71.54,94.29,12
45,64.56,104.03,104.06,87.44,90.74,98.25,94.29,75.61,89.59,13
45,71.8,122.11,53.43,46.47,98.25,88.67,89.59,94.29,90.74,14
45,56.8,100.07,24.09,18.77,88.67,100.92,90.74,89.59,98.25,15
45,84.62,85.05,21.78,26.97,100.92,46.12,98.25,90.74,88.67,16
45,93.69,44.83,25.31,48.56,46.12,52.64,88.67,98.25,100.92,17
45,99.17,42.76,32.36,70.03,52.64,70.95,100.92,88.67,46.12,18
45,288.15,203.72,146.26,92.07,70.95,103.44,46.12,100.92,52.64,19
45,216.43,146.27,155.86,131.78,103.44,120.68,52.64,46.12,70.95,20
45,127.99,84.01,124.42,120.2,120.68,38.94,70.95,52.64,103.44,21
45,116.49,148.88,108.33,111.76,38.94,22.36,103.44,70.95,120.68,22
45,80.27,67.01,49.82,64.5,22.36,17.76,120.68,103.44,38.94,23
45,41.55,21.16,28.56,34.76,17.76,17.88,38.94,120.68,22.36,24
46,19.73,21.62,21.38,30.41,17.88,24.48,22.36,38.94,17.76,1
46,18.54,17.59,15.8,20.5,24.48,17.23,17.76,22.36,17.88,2
46,15.6,15.42,54.93,28.27,17.23,20.19,17.88,17.76,24.48,3
46,17.04,16.09,20.69,64.7,20.19,53.23,24.48,17.88,17.23,4
46,22.56,21.87,18.81,31.05,53.23,42.93,17.23,24.48,20.19,5
46,15.51,17.6,15.72,23.95,42.93,165.78,20.19,17.23,53.23,6
46,62.97,42.64,44.79,60.19,165.78,114.19,53.23,20.19,42.93,7
46,134.29,156.12,119.47,169.68,114.19,117.37,42.93,53.23,165.78,8
46,147.43,98.34,78.88,94.44,117.37,70.99,165.78,42.93,114.19,9
46,78.03,94.99,71.54,71.2,70.99,156.0,114.19,165.78,117.37,10
46,162.15,82.4,75.61,73.31,156.0,64.56,117.37,114.19,70.99,11
46,167.68,114.62,94.29,82.08,64.56,71.8,70.99,117.37,156.0,12
46,104.03,60.56,89.59,104.06,71.8,56.8,156.0,70.99,64.56,13
46,122.11,53.83,90.74,53.43,56.8,84.62,64.56,156.0,71.8,14
46,100.07,95.9,98.25,24.09,84.62,93.69,71.8,64.56,56.8,15
46,85.05,27.49,88.67,21.78,93.69,99.17,56.8,71.8,84.62,16
46,44.83,31.88,100.92,25.31,99.17,288.15,84.62,56.8,93.69,17
46,42.76,63.4,46.12,32.36,288.15,216.43,93.69,84.62,99.17,18
46,203.72,99.19,52.64,146.26,216.43,127.99,99.17,93.69,288.15,19
46,146.27,142.1,70.95,155.86,127.99,116.49,288.15,99.17,216.43,20
46,84.01,165.2,103.44,124.42,116.49,80.27,216.43,288.15,127.99,21
46,148.88,77.89,120.68,108.33,80.27,41.55,127.99,216.43,116.49,22
46,67.01,50.41,38.94,49.82,41.55,19.73,116.49,127.99,80.27,23
46,21.16,32.47,22.36,28.56,19.73,18.54,80.27,116.49,41.55,24
47,21.62,19.15,17.76,21.38,18.54,15.6,41.55,80.27,19.73,1
47,17.59,15.32,17.88,15.8,15.6,17.04,19.73,41.55,18.54,2
47,15.42,27.3,24.48,54.93,17.04,22.56,18.54,19.73,15.6,3
47,16.09,43.58,17.23,20.69,22.56,15.51,15.6,18.54,17.04,4
47,21.87,18.21,20.19,18.81,15.51,62.97,17.04,15.6,22.56,5
47,17.6,18.3,53.23,15.72,62.97,134.29,22.56,17.04,15.51,6
47,42.64,45.14,42.93,44.79,134.29,147.43,15.51,22.56,62.97,7
47,156.12,182.33,165.78,119.47,147.43,78.03,62.97,15.51,134.29,8
47,98.34,84.71,114.19,78.88,78.03,162.15,134.29,62.97,147.43,9
47,94.99,86.73,117.37,71.54,162.15,167.68,147.43,134.29,78.03,10
47,82.4,86.53,70.99,75.61,167.68,104.03,78.03,147.43,162.15,11
47,114.62,77.38,156.0,94.29,104.03,122.11,162.15,78.03,167.68,12
47,60.56,99.43,64.56,89.59,122.11,100.07,167.68,162.15,104.03,13
47,53.83,135.08,71.8,90.74,100.07,85.05,104.03,167.68,122.11,14
47,95.9,127.53,56.8,98.25,85.05,44.83,122.11,104.03,100.07,15
47,27.49,81.14,84.62,88.67,44.83,42.76,100.07,122.11,85.05,16
47,31.88,48.81,93.69,100.92,42.76,203.72,85.05,100.07,44.83,17
47,63.4,115.77,99.17,46.12,203.72,146.27,44.83,85.05,42.76,18
47,99.19,135.87,288.15,52.64,146.27,84.01,42.76,44.83,203.72,19
47,142.1,103.04,216.43,70.95,84.01,148.88,203.72,42.76,146.27,20
47,165.2,159.08,127.99,103.44,148.88,67.01,146.27,203.72,84.01,21
47,77.89,107.32,116.49,120.68,67.01,21.16,84.01,146.27,148.88,22
47,50.41,27.32,80.27,38.94,21.16,21.62,148.88,84.01,67.01,23
47,32.47,23.74,41.55,22.36,21.62,17.59,67.01,148.88,21.16,24
48,19.15,19.71,19.73,17.76,17.59,15.42,21.16,67.01,21.62,1
48,15.32,15.62,18.54,17.88,15.42,16.09,21.62,21.16,17.59,2
48,27.3,17.54,15.6,24.48,16.09,21.87,17.59,21.62,15.42,3
48,43.58,17.17,17.04,17.23,21.87,17.6,15.42,17.59,16.09,4
48,18.21,22.07,22.56,20.19,17.6,42.64,16.09,15.42,21.87,5
48,18.3,59.11,15.51,53.23,42.64,156.12,21.87,16.09,17.6,6
48,45.14,60.58,62.97,42.93,156.12,98.34,17.6,21.87,42.64,7
48,182.33,173.56,134.29,165.78,98.34,94.99,42.64,17.6,156.12,8
48,84.71,104.47,147.43,114.19,94.99,82.4,156.12,42.64,98.34,9
48,86.73,79.98,78.03,117.37,82.4,114.62,98.34,156.12,94.99,10
48,86.53,41.35,162.15,70.99,114.62,60.56,94.99,98.34,82.4,11
48,77.38,68.85,167.68,156.0,60.56,53.83,82.4,94.99,114.62,12
48,99.43,32.13,104.03,64.56,53.83,95.9,114.62,82.4,60.56,13
48,135.08,20.68,122.11,71.8,95.9,27.49,60.56,114.62,53.83,14
48,127.53,15.95,100.07,56.8,27.49,31.88,53.83,60.56,95.9,15
48,81.14,22.05,85.05,84.62,31.88,63.4,95.9,53.83,27.49,16
48,48.81,32.33,44.83,93.69,63.4,99.19,27.49,95.9,31.88,17
48,115.77,94.34,42.76,99.17,99.19,142.1,31.88,27.49,63.4,18
48,135.87,122.22,203.72,288.15,142.1,165.2,63.4,31.88,99.19,19
48,103.04,145.56,146.27,216.43,165.2,77.89,99.19,63.4,142.1,20
48,159.08,98.64,84.01,127.99,77.89,50.41,142.1,99.19,165.2,21
48,107.32,85.01,148.88,116.49,50.41,32.47,165.2,142.1,77.89,22
48,27.32,77.95,67.01,80.27,32.47,19.15,77.89,165.2,50.41,23
48,23.74,61.83,21.16,41.55,19.15,15.32,50.41,77.89,32.47,24
49,19.71,19.71,21.62,19.73,15.32,27.3,32.47,50.41,19.15,1
49,15.62,15.62,17.59,18.54,27.3,43.58,19.15,32.47,15.32,2
49,17.54,17.54,15.42,15.6,43.58,18.21,15.32,19.15,27.3,3
49,17.17,17.17,16.09,17.04,18.21,18.3,27.3,15.32,43.58,4
49,22.07,22.07,21.87,22.56,18.3,45.14,43.58,27.3,18.21,5
49,59.11,59.11,17.6,15.51,45.14,182.33,18.21,43.58,18.3,6
49,60.58,60.58,42.64,62.97,182.33,84.71,18.3,18.21,45.14,7
49,173.56,173.56,156.12,134.29,84.71,86.73,45.14,18.3,182.33,8
49,104.47,104.47,98.34,147.43,86.73,86.53,182.33,45.14,84.71,9
49,79.98,79.98,94.99,78.03,86.53,77.38,84.71,182.33,86.73,10
49,41.35,41.35,82.4,162.15,77.38,99.43,86.73,84.71,86.53,11
49,68.85,68.85,114.62,167.68,99.43,135.08,86.53,86.73,77.38,12
49,32.13,32.13,60.56,104.03,135.08,127.53,77.38,86.53,99.43,13
49,20.68,20.68,53.83,122.11,127.53,81.14,99.43,77.38,135.08,14
49,15.95,15.95,95.9,100.07,81.14,48.81,135.08,99.43,127.53,15
49,22.05,22.05,27.49,85.05,48.81,115.77,127.53,135.08,81.14,16
49,32.33,32.33,31.88,44.83,115.77,135.87,81.14,127.53,48.81,17
49,94.34,94.34,63.4,42.76,135.87,103.04,48.81,81.14,115.77,18
49,122.22,122.22,99.19,203.72,103.04,159.08,115.77,48.81,135.87,19
49,145.56,145.56,142.1,146.27,159.08,107.32,135.87,115.77,103.04,20
49,98.64,98.64,165.2,84.01,107.32,27.32,103.04,135.87,159.08,21
49,85.01,85.01,77.89,148.88,27.32,23.74,159.08,103.04,107.32,22
49,77.95,77.95,50.41,67.01,23.74,19.71,107.32,159.08,27.32,23
49,61.83,61.83,32.47,21.16,19.71,15.62,27.32,107.32,23.74,24
50,19.71,19.71,19.15,21.62,15.62,17.54,23.74,27.32,19.71,1
50,15.62,15.62,15.32,17.59,17.54,17.17,19.71,23.74,15.62,2
50,17.54,17.54,27.3,15.42,17.17,22.07,15.62,19.71,17.54,3
50,17.17,17.17,43.58,16.09,22.07,59.11,17.54,15.62,17.17,4
50,22.07,22.07,18.21,21.87,59.11,60.58,17.17,17.54,22.07,5
50,59.11,59.11,18.3,17.6,60.58,173.56,22.07,17.17,59.11,6
50,60.58,60.58,45.14,42.64,173.56,104.47,59.11,22.07,60.58,7
50,173.56,173.56,182.33,156.12,104.47,79.98,60.58,59.11,173.56,8
50,104.47,104.47,84.71,98.34,79.98,41.35,173.56,60.58,104.47,9
50,79.98,79.98,86.73,94.99,41.35,68.85,104.47,173.56,79.98,10
50,41.35,41.35,86.53,82.4,68.85,32.13,79.98,104.47,41.35,11
50,68.85,68.85,77.38,114.62,32.13,20.68,41.35,79.98,68.85,12
50,32.13,32.13,99.43,60.56,20.68,15.95,68.85,41.35,32.13,13
50,20.68,20.68,135.08,53.83,15.95,22.05,32.13,68.85,20.68,14
50,15.95,15.95,127.53,95.9,22.05,32.33,20.68,32.13,15.95,15
50,22.05,22.05,81.14,27.49,32.33,94.34,15.95,20.68,22.05,16
50,32.33,32.33,48.81,31.88,94.34,122.22,22.05,15.95,32.33,17
50,94.34,94.34,115.77,63.4,122.22,145.56,32.33,22.05,94.34,18
50,122.22,122.22,135.87,99.19,145.56,98.64,94.34,32.33,122.22,19
50,145.56,145.56,103.04,142.1,98.64,85.01,122.22,94.34,145.56,20
50,98.64,98.64,159.08,165.2,85.01,77.95,145.56,122.22,98.64,21
50,85.01,85.01,107.32,77.89,77.95,61.83,98.64,145.56,85.01,22
50,77.95,77.95,27.32,50.41,61.83,61.83,85.01,98.64,77.95,23
50,61.83,61.83,23.74,32.47,61.83,61.83,77.95,85.01,61.83,24
