day,demand_pred,hour,hourofday,price_pred,solar_pred
1,30.2261734009,1,1,2.38552618027,0.0
1,29.1841201782,2,2,2.18003511429,0.0
1,26.232421875,3,3,2.14917325974,0.0
1,67.8919677734,4,4,2.14576387405,0.0
1,20.0159244537,5,5,2.13892173767,0.0
1,21.1167163849,6,6,2.38861656189,0.0
1,50.5075263977,7,7,3.06234192848,0.311777710915
1,137.485961914,8,8,3.64144277573,7.81469106674
1,86.1943893433,9,9,3.92279291153,13.6281557083
1,28.7612628937,10,10,4.18713760376,17.6261615753
1,23.7856998444,11,11,3.61870455742,19.7017498016
1,91.1084671021,12,12,3.60515546799,20.1381950378
1,144.440673828,13,13,3.54490947723,20.9549503326
1,94.4269485474,14,14,3.1350812912,17.7789001465
1,92.1148452759,15,15,3.3145802021,10.8280382156
1,65.1826934814,16,16,3.05213928223,8.50852394104
1,91.0405807495,17,17,3.20347428322,5.47564554214
1,20.5706787109,18,18,3.07649898529,0.301017522812
1,36.5631523132,19,19,3.18747472763,0.00806483626366
1,79.1904678345,20,20,3.02767968178,0.0
1,55.2923164368,21,21,3.21272182465,0.0
1,144.541366577,22,22,3.24768090248,0.0
1,36.7097969055,23,23,2.65258193016,0.0
1,54.3545722961,24,24,2.3638086319,0.0
2,21.0474567413,25,1,2.14163422585,0.0
2,55.7519187927,26,2,1.83891904354,0.0
2,19.8340644836,27,3,1.72449052334,0.0
2,54.4729194641,28,4,1.68392395973,0.0
2,23.1931209564,29,5,1.71288752556,0.0
2,28.4050598145,30,6,2.90214371681,0.0291323065758
2,48.8594474792,31,7,4.76265335083,1.18495023251
2,130.155548096,32,8,4.72345066071,12.1984462738
2,93.9920120239,33,9,5.04369878769,18.588514328
2,30.8526420593,34,10,5.3128452301,21.2165336609
2,24.7751331329,35,11,4.28033542633,21.827589035
2,44.7433052063,36,12,3.57427167892,21.858549118
2,33.3893089294,37,13,2.88959503174,21.090631485
2,53.2696800232,38,14,2.43991351128,17.2608070374
2,112.521682739,39,15,2.46114444733,11.3267831802
2,147.10333252,40,16,2.81734371185,7.59290313721
2,124.214851379,41,17,3.15505623817,5.43008899689
2,86.2698516846,42,18,3.28621006012,0.186581164598
2,46.4764060974,43,19,3.41429162025,0.00806483626366
2,82.1927871704,44,20,3.13013267517,0.0
2,223.561050415,45,21,2.98469090462,0.0
2,190.112121582,46,22,2.77390027046,0.0
2,96.3945236206,47,23,2.40535950661,0.0
2,85.3074111938,48,24,2.04894471169,0.0
3,20.6671543121,49,1,1.96621620655,0.0
3,20.113111496,50,2,1.72183668613,0.0
3,23.1098518372,51,3,1.74008953571,0.0
3,22.9449977875,52,4,1.81678390503,0.0
3,20.6726150513,53,5,1.77394270897,0.0
3,24.9800376892,54,6,1.90408027172,0.0
3,19.3716392517,55,7,3.37664937973,0.432722121477
3,36.4321365356,56,8,4.81643486023,10.2483472824
3,67.8743667603,57,9,4.93701791763,18.2179794312
3,146.575836182,58,10,4.86520910263,21.2037258148
3,133.020996094,59,11,4.31295347214,21.3940811157
3,192.893600464,60,12,3.61363196373,21.6861572266
3,50.4146080017,61,13,3.30333662033,22.5927143097
3,27.6341552734,62,14,2.78538513184,22.0782680511
3,120.842018127,63,15,2.92647838593,20.4158420563
3,81.1211853027,64,16,3.22617459297,18.5254135132
3,64.2079620361,65,17,3.4585916996,13.3059644699
3,30.773935318,66,18,3.33363461494,0.734258651733
3,48.3523750305,67,19,3.35246825218,0.00806483626366
3,133.987548828,68,20,3.23110461235,0.0
3,192.98109436,69,21,3.41920089722,0.0
3,152.351669312,70,22,2.84498000145,0.0
3,98.4100799561,71,23,2.38840675354,0.0
3,81.4515838623,72,24,1.7334291935,0.0
4,58.0108337402,73,1,1.72001969814,0.0
4,47.6680831909,74,2,1.67267727852,0.0
4,59.286693573,75,3,1.76377773285,0.0
4,58.6246261597,76,4,1.37307906151,0.0
4,54.8725166321,77,5,1.65795123577,0.0
4,52.9909553528,78,6,3.60360240936,0.0
4,64.4800033569,79,7,5.19080495834,0.183991640806
4,148.153259277,80,8,5.84124422073,4.73977375031
4,114.638237,81,9,6.47544431686,9.04257965088
4,137.248001099,82,10,7.14639472961,9.23252105713
4,72.3281860352,83,11,6.39930200577,11.2572488785
4,51.4494819641,84,12,4.95336914062,15.0958509445
4,126.317131042,85,13,4.3735666275,16.8081493378
4,37.6859169006,86,14,4.18032741547,19.3331851959
4,29.3362293243,87,15,4.26153755188,19.0590553284
4,23.2553787231,88,16,2.23698854446,15.0394153595
4,26.0171432495,89,17,2.65110421181,5.33582735062
4,22.0770492554,90,18,3.30457615852,0.15325525403
4,113.718406677,91,19,3.56317710876,0.00806483626366
4,119.672996521,92,20,3.01833033562,0.0
4,160.125640869,93,21,3.35314249992,0.0
4,88.7178497314,94,22,2.81177949905,0.0
4,35.4035835266,95,23,2.39495182037,0.0
4,29.8329124451,96,24,1.50206315517,0.0
5,47.2031173706,97,1,2.35652303696,0.0
5,30.3260536194,98,2,2.25332832336,0.0
5,23.0017662048,99,3,2.48465967178,0.0
5,18.5895195007,100,4,2.46523761749,0.0
5,24.2247467041,101,5,2.96581935883,0.0
5,26.0489807129,102,6,3.21436095238,0.0
5,45.493183136,103,7,5.21130800247,0.269188523293
5,114.409515381,104,8,6.02597665787,6.1129784584
5,93.2411499023,105,9,6.53383541107,12.3626775742
5,96.3380966187,106,10,6.53920841217,17.3748512268
5,120.758056641,107,11,5.03011226654,18.8927955627
5,117.85131073,108,12,4.4241065979,19.1379890442
5,112.708572388,109,13,4.1272649765,19.2048206329
5,100.721374512,110,14,3.84125447273,16.9284572601
5,142.562408447,111,15,3.93570017815,11.2710981369
5,120.835464478,112,16,4.06716012955,6.57365274429
5,53.7942314148,113,17,3.97776198387,1.95930874348
5,32.7579650879,114,18,4.15987825394,0.0340160727501
5,50.9430427551,115,19,4.00530004501,0.00806483626366
5,86.806137085,116,20,3.54015803337,0.0
5,168.196166992,117,21,3.87036919594,0.0
5,123.447715759,118,22,3.36141729355,0.0
5,90.1993789673,119,23,2.92056107521,0.0
5,67.965423584,120,24,1.90666401386,0.0
6,47.3928527832,121,1,2.70867562294,0.0
6,41.4498023987,122,2,2.7657995224,0.0
6,61.1468887329,123,3,2.73565125465,0.0
6,27.34034729,124,4,2.59046149254,0.0
6,22.1197566986,125,5,2.62032175064,0.0
6,22.1160984039,126,6,2.76541805267,0.0
6,50.9135627747,127,7,5.24582099915,0.209848999977
6,165.050765991,128,8,5.79869365692,4.10442066193
6,99.5092163086,129,9,5.8382692337,8.82575702667
6,81.200958252,130,10,6.2300028801,10.9058732986
6,68.9565734863,131,11,4.87853813171,13.2201166153
6,32.7286148071,132,12,4.42837905884,14.9688453674
6,45.5890083313,133,13,4.25113964081,15.4363603592
6,26.5545787811,134,14,3.99211096764,15.111330986
6,49.7169418335,135,15,3.95524191856,14.5383491516
6,19.5282478333,136,16,4.02246189117,11.3539171219
6,53.1337852478,137,17,3.76897096634,5.03606319427
6,37.8439826965,138,18,3.58744931221,0.118406504393
6,54.9992637634,139,19,3.76334547997,0.00806483626366
6,36.0827941895,140,20,3.56033730507,0.0
6,22.8667449951,141,21,3.55957484245,0.0
6,37.3494262695,142,22,3.3193602562,0.0
6,106.135620117,143,23,2.93359875679,0.0
6,68.5947647095,144,24,1.83017361164,0.0
7,66.3187637329,145,1,2.68751239777,0.0
7,24.6139431,146,2,2.63375043869,0.0
7,24.365819931,147,3,2.53319740295,0.0
7,19.8592758179,148,4,2.43796110153,0.0
7,20.0916824341,149,5,2.34231758118,0.0
7,24.4531593323,150,6,2.88563346863,0.0107878148556
7,76.6020431519,151,7,4.77477741241,0.66618591547
7,131.900619507,152,8,5.41080331802,10.4731760025
7,107.735946655,153,9,5.67287445068,11.5329589844
7,85.2066650391,154,10,5.93351459503,14.8585033417
7,22.79961586,155,11,4.72214603424,17.0199317932
7,125.487586975,156,12,4.22902965546,17.0101966858
7,180.124435425,157,13,4.00215911865,16.0972900391
7,98.6825332642,158,14,3.96060228348,13.1492500305
7,84.5133666992,159,15,4.08491039276,10.2102222443
7,88.6798248291,160,16,4.27001476288,8.34116744995
7,45.0768547058,161,17,4.23332977295,3.71819543839
7,20.6634712219,162,18,4.14494228363,0.115713745356
7,79.8979034424,163,19,4.36721038818,0.00806483626366
7,86.4783172607,164,20,3.9816300869,0.0
7,150.556289673,165,21,3.49169659615,0.0
7,146.067489624,166,22,3.05492305756,0.0
7,60.5666236877,167,23,2.88618183136,0.0
7,42.3938827515,168,24,2.21470165253,0.0
8,42.0776329041,169,1,2.26241469383,0.0
8,22.128162384,170,2,2.40971302986,0.0
8,20.1489276886,171,3,2.25045251846,0.0
8,24.9124355316,172,4,2.16016221046,0.0
8,24.6049633026,173,5,1.81737375259,0.0
8,62.5872955322,174,6,2.92535042763,0.0
8,74.2741012573,175,7,5.34355592728,0.432722121477
8,126.780136108,176,8,6.73579359055,8.34930610657
8,85.5586929321,177,9,7.2409901619,10.3714256287
8,93.327041626,178,10,7.6095161438,14.0127458572
8,78.742515564,179,11,6.26428699493,17.5452709198
8,52.0970649719,180,12,4.85693788528,19.9585876465
8,88.8054733276,181,13,4.83764743805,21.9517421722
8,54.1183242798,182,14,4.82334947586,21.9476642609
8,30.4846229553,183,15,4.61745023727,20.5737895966
8,27.4026050568,184,16,4.6362695694,18.2712974548
8,28.4302120209,185,17,4.39916610718,11.0849761963
8,54.7702941895,186,18,4.56385326385,0.283990502357
8,65.1381607056,187,19,4.90987014771,0.00806483626366
8,106.074813843,188,20,4.21827030182,0.0
8,134.695068359,189,21,3.76577782631,0.0
8,142.242004395,190,22,3.45262789726,0.0
8,45.8261413574,191,23,2.74604845047,0.0
8,36.7593574524,192,24,2.32551693916,0.0
9,34.7766990662,193,1,2.60552573204,0.0
9,24.5494766235,194,2,2.63011193275,0.0
9,28.3004016876,195,3,2.53260040283,0.0
9,25.0295333862,196,4,2.50576996803,0.0
9,21.1208515167,197,5,2.71503376961,0.0
9,29.056344986,198,6,3.06299805641,0.0
9,62.469909668,199,7,4.88751602173,0.474493920803
9,140.267196655,200,8,5.9601855278,11.0548858643
9,87.0907211304,201,9,6.16051769257,15.5556621552
9,79.9934463501,202,10,7.42063236237,17.3191642761
9,22.8717956543,203,11,5.07649421692,18.3042411804
9,40.2608909607,204,12,4.49334001541,19.1375808716
9,25.382106781,205,13,4.53060483932,21.0627689362
9,88.2811737061,206,14,4.34782123566,20.9938011169
9,59.8026123047,207,15,4.27060508728,19.6824245453
9,117.103401184,208,16,4.10344552994,16.4599285126
9,106.199577332,209,17,3.995002985,8.70156764984
9,73.0888671875,210,18,4.31643676758,0.171695411205
9,91.2516326904,211,19,4.52782535553,0.00806483626366
9,116.717292786,212,20,3.98513388634,0.0
9,96.6324005127,213,21,3.84036779404,0.0
9,99.1213378906,214,22,3.33199262619,0.0
9,80.4638366699,215,23,2.86117887497,0.0
9,38.6464309692,216,24,2.46307659149,0.0
10,56.1732826233,217,1,2.62166309357,0.0
10,28.4570503235,218,2,2.52657651901,0.0
10,30.2261734009,219,3,2.49439096451,0.0
10,26.4780139923,220,4,2.47307634354,0.0
10,38.6494827271,221,5,2.63601922989,0.0
10,26.5778942108,222,6,2.86985850334,0.0
10,23.1427822113,223,7,4.92709493637,0.624304294586
10,42.2307891846,224,8,5.907995224,11.2660636902
10,61.6516914368,225,9,5.74337434769,16.4066085815
10,49.1811637878,226,10,5.25412321091,19.2500267029
10,54.0365791321,227,11,4.66393327713,19.7207965851
10,150.984695435,228,12,4.13539361954,19.6002521515
10,120.170700073,229,13,4.18692588806,19.5752124786
10,101.12322998,230,14,4.21768856049,19.5604324341
10,63.4674301147,231,15,4.39528083801,19.9456710815
10,28.959280014,232,16,4.19906568527,18.5988025665
10,55.9753723145,233,17,4.14209938049,12.3690834045
10,107.029067993,234,18,4.49516773224,0.283990502357
10,101.684020996,235,19,4.39529514313,0.00806483626366
10,177.1197052,236,20,4.08233833313,0.0
10,199.039276123,237,21,4.04301261902,0.0
10,224.119491577,238,22,3.44908285141,0.0
10,113.038200378,239,23,2.86426138878,0.0
10,66.5579452515,240,24,2.14035415649,0.0
11,29.2385578156,241,1,2.40123605728,0.0
11,23.0932407379,242,2,2.28044223785,0.0
11,33.931438446,243,3,2.14847373962,0.0
11,27.2758808136,244,4,2.07779049873,0.0
11,33.8565940857,245,5,2.11764431,0.0
11,49.9297447205,246,6,2.40971803665,0.0
11,53.6725654602,247,7,3.67939043045,0.604354798794
11,141.375793457,248,8,4.29178714752,10.2722921371
11,108.24937439,249,9,4.45514774323,15.5942325592
11,92.1584777832,250,10,4.20776939392,18.0006160736
11,73.570854187,251,11,4.17556858063,17.6362018585
11,26.4493350983,252,12,3.95361113548,15.7952327728
11,42.0960083008,253,13,3.97863101959,17.2974376678
11,28.9378509521,254,14,3.90627861023,17.6718063354
11,62.3946380615,255,15,3.90212082863,15.8468294144
11,37.6125679016,256,16,3.7468931675,13.5654573441
11,27.0586948395,257,17,3.7839307785,8.37910079956
11,50.2605552673,258,18,3.71929121017,0.171695411205
11,43.3215103149,259,19,4.19372749329,0.00806483626366
11,155.66293335,260,20,3.85175251961,0.0
11,121.873718262,261,21,3.8459751606,0.0
11,181.810379028,262,22,3.67615580559,0.0
11,104.804634094,263,23,2.75397825241,0.0
11,31.704076767,264,24,2.23475599289,0.0
12,21.6998748779,265,1,2.51945257187,0.0
12,25.8769187927,266,2,2.40860271454,0.0
12,28.2468109131,267,3,2.3967461586,0.0
12,18.6462879181,268,4,2.35254597664,0.0
12,21.8304405212,269,5,2.38011217117,0.0
12,28.3535118103,270,6,3.22903776169,0.0
12,74.9300537109,271,7,4.6571855545,0.313167959452
12,128.812988281,272,8,5.51976156235,5.91359424591
12,108.449111938,273,9,5.48259019852,7.86069250107
12,99.4079818726,274,10,5.47102975845,12.765958786
12,121.203453064,275,11,4.68027639389,15.8258628845
12,55.5653152466,276,12,4.0363817215,16.2389221191
12,93.2726974487,277,13,4.1980304718,17.993686676
12,50.9664535522,278,14,4.02725028992,20.3656997681
12,26.7614612579,279,15,4.2129983902,19.6287536621
12,38.5744590759,280,16,4.03197574615,13.7240076065
12,23.5554447174,281,17,4.15036392212,6.15105867386
12,25.308259964,282,18,4.25097942352,0.0936872661114
12,124.633872986,283,19,4.75909948349,0.00806483626366
12,130.378417969,284,20,3.83580422401,0.0
12,118.524749756,285,21,3.66632533073,0.0
12,81.9242782593,286,22,3.24879813194,0.0
12,85.1941757202,287,23,2.74887514114,0.0
12,48.7803726196,288,24,2.52889347076,0.0
13,21.2989292145,289,1,2.43535518646,0.0
13,29.9261264801,290,2,2.20462942123,0.0
13,20.6039161682,291,3,2.29871201515,0.0
13,22.5190391541,292,4,2.32510614395,0.0
13,64.7293777466,293,5,2.65286159515,0.0
13,30.669713974,294,6,3.27649879456,0.0
13,58.1796302795,295,7,4.78809452057,0.61570584774
13,167.922058105,296,8,5.40016222,11.7268619537
13,147.848464966,297,9,5.52637481689,19.0651874542
13,100.132621765,298,10,5.38066196442,21.5970115662
13,111.421485901,299,11,4.66821336746,23.0786762238
13,88.9678878784,300,12,4.27194213867,22.1694717407
13,92.2626876831,301,13,4.09310340881,20.9939022064
13,91.6890869141,302,14,3.94881367683,19.4069976807
13,112.754142761,303,15,4.19261312485,17.1437129974
13,121.811470032,304,16,4.49859619141,13.8312797546
13,95.1429443359,305,17,4.37507915497,8.58176708221
13,101.40524292,306,18,4.59389257431,0.171695411205
13,54.9604911804,307,19,5.29893064499,0.00806483626366
13,113.713394165,308,20,4.1348400116,0.0
13,135.605621338,309,21,3.56901836395,0.0
13,118.51424408,310,22,3.29195833206,0.0
13,117.248077393,311,23,2.67875289917,0.0
13,23.9175739288,312,24,2.4650375843,0.0
14,20.2649154663,313,1,2.23454785347,0.0
14,29.9261264801,314,2,2.20456337929,0.0
14,20.0075187683,315,3,2.29611778259,0.0
14,21.9111843109,316,4,2.20167279243,0.0
14,22.9419136047,317,5,2.21109867096,0.0
14,28.4050598145,318,6,2.99866390228,0.0
14,74.024559021,319,7,4.52720451355,0.326288163662
14,180.027633667,320,8,5.33793354034,9.77136993408
14,111.728805542,321,9,5.88206338882,15.557185173
14,185.226669312,322,10,7.32520675659,20.0026855469
14,118.299865723,323,11,5.45675802231,21.3238887787
14,68.7022781372,324,12,4.56780815125,20.8437767029
14,56.9787940979,325,13,4.94430494308,20.5717353821
14,64.7136611938,326,14,4.29692840576,23.0904388428
14,95.9347381592,327,15,4.76572608948,20.7163238525
14,61.2214851379,328,16,4.12669658661,17.4764575958
14,51.2748298645,329,17,3.953540802,13.2784147263
14,23.1070041656,330,18,4.04962921143,0.171695411205
14,113.258460999,331,19,4.27119874954,0.00806483626366
14,236.889480591,332,20,3.54852747917,0.0
14,192.221832275,333,21,3.3045604229,0.0
14,193.019592285,334,22,2.86480545998,0.0
14,142.445831299,335,23,2.47983241081,0.0
14,33.7407112122,336,24,2.0077521801,0.0
15,23.3752670288,337,1,2.16910648346,0.0
15,24.4572944641,338,2,2.09937787056,0.0
15,28.2089271545,339,3,1.99573218822,0.0
15,18.856092453,340,4,1.85268723965,0.0
15,20.2664451599,341,5,2.11532092094,0.0
15,28.3501091003,342,6,2.46366834641,0.0107878148556
15,79.7714614868,343,7,2.97113537788,0.874235033989
15,124.278381348,344,8,3.34533643723,11.3448972702
15,119.341796875,345,9,3.44604063034,18.2787780762
15,99.5480041504,346,10,3.84310555458,21.4718589783
15,99.9465103149,347,11,3.96257686615,23.0815200806
15,119.696159363,348,12,3.55004477501,22.7337646484
15,116.952018738,349,13,3.62381887436,21.7143535614
15,90.7979202271,350,14,3.53928375244,20.4607448578
15,92.744468689,351,15,3.55691862106,19.3776016235
15,37.0307655334,352,16,3.1962249279,16.022228241
15,29.3781032562,353,17,3.24726295471,9.00984191895
15,29.6545124054,354,18,3.10009694099,0.136846661568
15,89.2981948853,355,19,3.63259196281,0.00806483626366
15,94.8441772461,356,20,3.00768303871,0.0
15,83.6248550415,357,21,2.80604743958,0.0
15,60.6972770691,358,22,2.60774827003,0.0
15,53.6586723328,359,23,2.60281586647,0.0
15,29.4435195923,360,24,2.15653657913,0.0
16,30.2261734009,361,1,2.17221736908,0.0
16,23.0017662048,362,2,2.1938700676,0.0
16,18.636051178,363,3,2.08826756477,0.0
16,22.8039245605,364,4,1.90936338902,0.0
16,26.9976654053,365,5,1.9173886776,0.0
16,21.2551231384,366,6,2.25039196014,0.0291323065758
16,45.0960426331,367,7,3.33007931709,1.13323712349
16,145.953796387,368,8,3.87308216095,10.8124876022
16,165.663879395,369,9,4.27345943451,15.6330080032
16,202.041442871,370,10,4.76524448395,19.0640640259
16,146.414199829,371,11,4.41799926758,20.7236824036
16,150.419433594,372,12,3.71723818779,21.4347858429
16,247.307510376,373,13,3.74724936485,20.7664165497
16,204.173294067,374,14,3.42316246033,18.9493179321
16,104.579071045,375,15,3.34419488907,16.5322666168
16,29.742099762,376,16,3.16826367378,13.476805687
16,30.4622459412,377,17,3.11200928688,7.86282730103
16,44.5337982178,378,18,3.0776219368,0.107699543238
16,190.501296997,379,19,3.43138122559,0.00806483626366
16,198.244522095,380,20,2.88507699966,0.0
16,177.157272339,381,21,2.84810304642,0.0
16,225.128005981,382,22,2.69149255753,0.0
16,135.134307861,383,23,2.52694058418,0.0
16,104.550460815,384,24,2.10825252533,0.0
17,86.7507781982,385,1,1.10946750641,0.0
17,36.1470184326,386,2,1.01512908936,0.0
17,19.3558921814,387,3,0.918426036835,0.0
17,19.1012077332,388,4,0.888041853905,0.0
17,28.8279323578,389,5,1.02396678925,0.0
17,26.6821899414,390,6,1.41246128082,0.0
17,66.3199768066,391,7,3.53441405296,0.208111017942
17,192.938903809,392,8,3.71301841736,6.63049554825
17,127.244377136,393,9,3.72579956055,11.583313942
17,120.050628662,394,10,3.7646009922,14.9908676147
17,44.0037269592,395,11,3.33425569534,18.5942516327
17,97.7663345337,396,12,2.67131519318,20.4651298523
17,80.0866699219,397,13,2.30334472656,20.5337677002
17,33.1856269836,398,14,2.08697867393,18.8130149841
17,25.3471794128,399,15,2.21430397034,13.7276039124
17,20.9421977997,400,16,2.72515821457,9.41217517853
17,26.1044826508,401,17,2.92450809479,4.70378303528
17,67.7883911133,402,18,3.06768703461,0.0357521474361
17,232.519287109,403,19,3.12552881241,0.0103232860565
17,167.262008667,404,20,2.75178742409,0.0
17,178.749130249,405,21,2.43503761292,0.0
17,146.428268433,406,22,1.93351948261,0.0
17,73.181312561,407,23,1.61594307423,0.0
17,38.1160545349,408,24,1.2204182148,0.0
18,66.2058563232,409,1,1.9217261076,0.0
18,20.5641670227,410,2,1.91704654694,0.0
18,18.4377155304,411,3,1.66187620163,0.0
18,26.8596763611,412,4,1.46629261971,0.0
18,19.6304359436,413,5,2.023873806,0.0
18,20.543012619,414,6,2.24924254417,0.0
18,51.0715751648,415,7,3.49790811539,0.424123585224
18,160.775802612,416,8,3.60501074791,8.9685344696
18,105.905021667,417,9,3.93858909607,11.9735403061
18,113.376800537,418,10,3.90649604797,15.3632392883
18,122.980232239,419,11,3.6098587513,18.2301292419
18,107.307510376,420,12,2.93633079529,19.2643795013
18,88.6521835327,421,13,1.8008275032,18.6947116852
18,28.649023056,422,14,2.03713393211,17.0968570709
18,32.85496521,423,15,2.24417495728,13.8073959351
18,30.3072528839,424,16,2.73058366776,9.42155838013
18,20.0531845093,425,17,3.13414669037,4.08789730072
18,20.0837554932,426,18,3.02783536911,0.0330593883991
18,68.5242614746,427,19,3.24343252182,0.0103232860565
18,118.775909424,428,20,2.82590460777,0.0
18,148.565536499,429,21,2.96527099609,0.0
18,162.982879639,430,22,2.78972554207,0.0
18,107.52482605,431,23,2.46011447906,0.0
18,45.8452644348,432,24,1.36362743378,0.0
19,26.1495552063,433,1,1.60420024395,0.0
19,38.8340873718,434,2,1.71801269054,0.0
19,29.1256542206,435,3,1.67235708237,0.0
19,19.2990493774,436,4,1.68293178082,0.0
19,19.8658714294,437,5,1.90206897259,0.0
19,59.3037757874,438,6,2.43441033363,0.0
19,85.10546875,439,7,3.83691310883,0.533994197845
19,125.659568787,440,8,4.17699623108,10.2907848358
19,67.794090271,441,9,4.34905052185,16.6795349121
19,20.1744937897,442,10,4.58094644547,18.0740699768
19,20.5324840546,443,11,4.02936410904,16.6153278351
19,22.5085105896,444,12,3.82505726814,14.5991010666
19,32.7072105408,445,13,3.88102197647,12.5569076538
19,25.417224884,446,14,3.89075613022,9.35997104645
19,26.1183071136,447,15,3.69198942184,6.2312040329
19,19.2134914398,448,16,3.63646125793,3.24709677696
19,51.8689537048,449,17,3.45024037361,1.33466410637
19,23.063249588,450,18,3.17740893364,0.0149689614773
19,85.3355941772,451,19,3.72132158279,0.0
19,119.793907166,452,20,3.48218178749,0.0
19,129.152481079,453,21,3.31494283676,0.0
19,173.074768066,454,22,3.32355642319,0.0
19,110.024429321,455,23,2.72572779655,0.0
19,46.4789886475,456,24,1.70566534996,0.0
20,29.3054294586,457,1,1.78949809074,0.0
20,38.4312019348,458,2,1.68500709534,0.0
20,29.3293685913,459,3,1.73492836952,0.0
20,30.1676654816,460,4,1.44759130478,0.0
20,30.2261734009,461,5,1.7184022665,0.0
20,41.1592941284,462,6,2.72211480141,0.0
20,120.186134338,463,7,3.54712557793,0.310482621193
20,144.867736816,464,8,4.02308320999,10.1901922226
20,92.4780654907,465,9,4.03111219406,16.0755882263
20,106.057563782,466,10,3.82384490967,17.2959690094
20,86.7021331787,467,11,3.40378665924,18.300037384
20,87.7125930786,468,12,2.98089814186,18.8484840393
20,108.122657776,469,13,2.65696620941,18.661031723
20,89.9047317505,470,14,2.42729187012,16.4685630798
20,82.7927474976,471,15,2.53122520447,13.553030014
20,43.4689903259,472,16,2.94606661797,11.2014780045
20,61.3304634094,473,17,3.08096957207,5.00503826141
20,28.7818279266,474,18,3.00029706955,0.0519350469112
20,45.3693618774,475,19,3.38015007973,0.00806483626366
20,85.2090835571,476,20,3.44697833061,0.0
20,87.0011749268,477,21,3.30732822418,0.0
20,148.436340332,478,22,3.14951729774,0.0
20,60.5873908997,479,23,3.02484250069,0.0
20,22.2478923798,480,24,1.77715563774,0.0
21,92.2234039307,481,1,1.67573833466,0.0
21,24.6473464966,482,2,1.65386295319,0.0
21,32.594581604,483,3,1.67071092129,0.0
21,20.8239421844,484,4,1.84010243416,0.0
21,24.2140159607,485,5,2.01555013657,0.0
21,20.7671737671,486,6,2.35327863693,0.0
21,34.6318054199,487,7,4.15382099152,0.109688043594
21,122.537834167,488,8,5.28316497803,3.17291975021
21,94.7814254761,489,9,5.70620059967,7.88887405396
21,81.740272522,490,10,5.27462053299,11.5210428238
21,26.184387207,491,11,4.92070674896,12.7374343872
21,59.9005699158,492,12,4.43743848801,14.1069154739
21,133.016159058,493,13,4.37965583801,15.8264684677
21,107.244178772,494,14,4.42457103729,16.6490001678
21,172.992126465,495,15,4.07193136215,14.4010753632
21,128.82989502,496,16,4.00437450409,10.6454944611
21,133.675796509,497,17,3.92290759087,5.90261363983
21,214.864273071,498,18,3.83633947372,0.0538814067841
21,162.395797729,499,19,4.09057235718,0.00806483626366
21,92.9769515991,500,20,3.75436091423,0.0
21,104.831459045,501,21,3.9075627327,0.0
21,171.911773682,502,22,4.0405755043,0.0
21,83.2706756592,503,23,3.59884023666,0.0
21,116.127731323,504,24,1.88710832596,0.0
22,111.366249084,505,1,1.7063754797,0.0
22,87.8229827881,506,2,1.40476822853,0.0
22,122.456893921,507,3,1.59960997105,0.0
22,98.1569442749,508,4,1.59696912766,0.0
22,50.5099220276,509,5,1.87177431583,0.0
22,26.1495552063,510,6,2.24264907837,0.0
22,23.299539566,511,7,4.11221408844,0.61570584774
22,23.1736125946,512,8,5.48830652237,11.4034614563
22,37.4733276367,513,9,5.78327035904,14.5331716537
22,78.5790023804,514,10,5.42362499237,18.770608902
22,108.068511963,515,11,4.78032159805,20.5264778137
22,119.170722961,516,12,4.33374118805,22.5177268982
22,153.973526001,517,13,4.49852466583,22.6830539703
22,154.433288574,518,14,4.25507879257,21.4553661346
22,199.968566895,519,15,4.3200302124,18.5984611511
22,94.9272079468,520,16,3.95452427864,13.763381958
22,90.4563293457,521,17,4.01715660095,8.06823921204
22,116.670799255,522,18,3.93218135834,0.0603353977203
22,133.352325439,523,19,4.12739753723,0.00806483626366
22,132.202590942,524,20,3.78730893135,0.0
22,89.190071106,525,21,3.68088912964,0.0
22,71.5406570435,526,22,3.74906921387,0.0
22,123.469558716,527,23,2.93870019913,0.0
22,83.965057373,528,24,1.98536372185,0.0
23,47.9197654724,529,1,1.50249743462,0.0
23,39.5215263367,530,2,1.42723953724,0.0
23,49.6985664368,531,3,1.42440462112,0.0
23,20.8323478699,532,4,1.41594147682,0.0
23,19.7074718475,533,5,1.81838619709,0.0
23,17.7594642639,534,6,2.18359231949,0.0
23,22.308631897,535,7,3.94442558289,0.30994579196
23,94.9915161133,536,8,5.15341043472,4.5001001358
23,111.563278198,537,9,5.27752876282,7.7024974823
23,91.4676513672,538,10,4.81152534485,10.1848278046
23,104.399360657,539,11,4.55345058441,9.16760826111
23,147.164916992,540,12,4.12857818604,9.17676830292
23,21.7178287506,541,13,4.07687282562,9.60339736938
23,45.3768577576,542,14,3.85460639,9.94419002533
23,29.4211406708,543,15,3.89674305916,8.78420829773
23,28.5968112946,544,16,3.74455118179,5.9258890152
23,44.800075531,545,17,3.66043710709,2.00149679184
23,32.4178771973,546,18,3.54002118111,0.0123402178288
23,33.9937362671,547,19,3.70582509041,0.0
23,54.0625267029,548,20,3.53160691261,0.0
23,56.2867736816,549,21,3.30571770668,0.0
23,21.6009082794,550,22,3.01045799255,0.0
23,49.9632225037,551,23,2.53452634811,0.0
23,54.0296211243,552,24,1.86496007442,0.0
24,104.780487061,553,1,2.04233169556,0.0
24,32.5490379333,554,2,2.05809617043,0.0
24,23.0231952667,555,3,2.05756282806,0.0
24,20.7241630554,556,4,2.17768073082,0.0
24,28.1485977173,557,5,2.14166641235,0.0
24,26.4780139923,558,6,2.19301152229,0.0
24,23.299539566,559,7,3.96552538872,0.331667661667
24,27.4685077667,560,8,5.12953186035,5.14790201187
24,51.1747283936,561,9,4.75322914124,3.76483058929
24,96.7132034302,562,10,4.23168468475,6.00570297241
24,90.8528518677,563,11,4.15724372864,7.26236963272
24,20.7043476105,564,12,3.78871488571,8.42080497742
24,24.4640598297,565,13,3.81972026825,7.85749578476
24,29.4121608734,566,14,3.39138054848,6.81746292114
24,79.6401824951,567,15,3.23530244827,5.22091531754
24,122.124526978,568,16,3.16380190849,5.26291036606
24,114.325920105,569,17,2.86307835579,1.95962333679
24,112.966148376,570,18,2.84417676926,0.0149689614773
24,83.5864639282,571,19,3.18191242218,0.0
24,147.557174683,572,20,2.9673769474,0.0
24,35.2510604858,573,21,3.13977026939,0.0
24,26.6770381927,574,22,3.02600383759,0.0
24,46.0067062378,575,23,2.5794301033,0.0
24,51.1958312988,576,24,2.09614944458,0.0
25,72.6070251465,577,1,2.01435422897,0.0
25,31.2254753113,578,2,1.81818246841,0.0
25,29.0257740021,579,3,1.80444717407,0.0
25,20.5124416351,580,4,1.82824504375,0.0
25,18.5272579193,581,5,1.8364123106,0.0
25,25.7389297485,582,6,1.82451510429,0.0
25,32.5860328674,583,7,2.62080478668,0.282308697701
25,18.1051769257,584,8,3.74016094208,10.722117424
25,26.2293109894,585,9,3.63615179062,17.5018978119
25,81.4457168579,586,10,3.53131151199,20.7665863037
25,30.6939754486,587,11,3.45766711235,22.1058921814
25,38.8189468384,588,12,3.38987398148,21.6217365265
25,65.380821228,589,13,3.27592515945,20.5439968109
25,42.4339179993,590,14,2.03708481789,17.7681770325
25,46.0325431824,591,15,2.46325159073,10.4433546066
25,69.2606277466,592,16,3.11855125427,8.10840415955
25,31.3626155853,593,17,2.89893913269,2.85137557983
25,38.9907951355,594,18,2.98466253281,0.0222548246384
25,79.4214630127,595,19,3.36244249344,0.0
25,90.4180526733,596,20,2.92230844498,0.0
25,97.3621826172,597,21,2.79567742348,0.0
25,94.4261932373,598,22,3.22051692009,0.0
25,56.0629653931,599,23,2.41254520416,0.0
25,90.3525314331,600,24,1.78193569183,0.0
26,96.5634841919,601,1,1.85498714447,0.0
26,78.6597213745,602,2,1.83175647259,0.0
26,54.0026130676,603,3,1.81076490879,0.0
26,31.1340007782,604,4,1.87837100029,0.0
26,19.5058040619,605,5,2.10062074661,0.0
26,17.8576393127,606,6,2.36958169937,0.0
26,19.1262054443,607,7,2.856300354,0.183991640806
26,32.0036811829,608,8,3.32505202293,4.80140829086
26,26.1653862,609,9,3.37231993675,8.67223548889
26,23.2114963531,610,10,3.60577559471,10.6207418442
26,41.3048439026,611,11,3.14538264275,12.4734554291
26,159.250335693,612,12,3.33401370049,13.4830226898
26,58.7542381287,613,13,3.1317512989,12.9758348465
26,78.9840774536,614,14,2.70154118538,11.1558790207
26,112.984939575,615,15,2.6930103302,8.91723251343
26,90.0892868042,616,16,2.70405864716,7.12550020218
26,100.593559265,617,17,2.96960496902,3.14230537415
26,85.2808990479,618,18,3.20622062683,0.0222548246384
26,133.212310791,619,19,3.15129613876,0.0
26,139.728805542,620,20,2.91337990761,0.0
26,203.657684326,621,21,2.81365585327,0.0
26,159.338256836,622,22,2.73460364342,0.0
26,190.540298462,623,23,2.33116817474,0.0
26,173.663330078,624,24,2.15655589104,0.0
27,109.978141785,625,1,2.20387840271,0.0
27,86.5437469482,626,2,2.0181286335,0.0
27,86.3088531494,627,3,1.92941498756,0.0
27,93.393157959,628,4,1.79243195057,0.0
27,81.756149292,629,5,1.88831520081,0.0
27,159.888748169,630,6,2.35913729668,0.0
27,113.115402222,631,7,3.14553070068,0.109688043594
27,19.0308036804,632,8,3.28341794014,3.17009663582
27,19.8767719269,633,9,3.12728357315,8.33240509033
27,26.4065818787,634,10,3.39156270027,11.7601060867
27,28.3839511871,635,11,2.80236268044,15.0388231277
27,20.1446590424,636,12,2.84161019325,17.0516166687
27,22.1959934235,637,13,2.5854370594,18.0937328339
27,63.6708450317,638,14,2.098549366,18.5065612793
27,101.548545837,639,15,1.70202803612,16.7994861603
27,35.2929000854,640,16,1.37966799736,11.6083869934
27,23.2872238159,641,17,2.61486029625,5.26462078094
27,29.078458786,642,18,2.52905607224,0.0302591919899
27,19.5276641846,643,19,2.36589241028,0.0
27,24.3058586121,644,20,2.25251126289,0.0
27,21.2309169769,645,21,2.20642781258,0.0
27,82.5149917603,646,22,1.79432094097,0.0
27,81.6603088379,647,23,1.73044419289,0.0
27,131.152496338,648,24,1.62632453442,0.0
28,87.0676345825,649,1,1.74873423576,0.0
28,91.9093780518,650,2,1.8432520628,0.0
28,87.203163147,651,3,1.81009876728,0.0
28,62.8826713562,652,4,1.76823413372,0.0
28,19.0688762665,653,5,1.85153889656,0.0
28,24.9907684326,654,6,2.0038292408,0.0
28,25.2611999512,655,7,3.23065423965,0.226610690355
28,23.0821380615,656,8,3.64387917519,5.88933801651
28,20.8290691376,657,9,3.69241952896,11.2928676605
28,63.2876205444,658,10,3.44520998001,12.6191835403
28,24.9266033173,659,11,2.94921159744,14.6913900375
28,28.5008220673,660,12,3.0430624485,16.4358482361
28,39.884437561,661,13,2.86223959923,17.3708400726
28,111.416900635,662,14,2.74133348465,16.707736969
28,90.2490997314,663,15,2.77633237839,16.7415351868
28,86.4459915161,664,16,2.46219730377,16.0653553009
28,94.3516082764,665,17,2.71394753456,9.36055850983
28,91.314704895,666,18,2.80520009995,0.0929366350174
28,39.284992218,667,19,3.03809094429,0.00806483626366
28,21.7008399963,668,20,2.97129034996,0.0
28,28.6935157776,669,21,3.01726388931,0.0
28,70.7451324463,670,22,2.76527571678,0.0
28,89.876739502,671,23,2.51262593269,0.0
28,81.7263946533,672,24,2.30352425575,0.0
29,39.9785766602,673,1,2.35472106934,0.0
29,60.0066719055,674,2,2.21234107018,0.0
29,57.1126823425,675,3,2.15175032616,0.0
29,23.1016464233,676,4,2.21698284149,0.0
29,18.636051178,677,5,2.14943027496,0.0
29,24.2247467041,678,6,2.27522563934,0.0
29,35.8474121094,679,7,3.49970221519,0.282308697701
29,67.9295654297,680,8,4.20110368729,8.54483222961
29,110.802986145,681,9,3.87320399284,13.6039800644
29,129.730255127,682,10,3.40873742104,18.0597801208
29,58.7714385986,683,11,2.91839885712,20.4071598053
29,26.2202186584,684,12,3.43258976936,20.9528713226
29,19.0908203125,685,13,3.15449285507,16.0731468201
29,29.0569419861,686,14,3.05681610107,12.39868927
29,22.2568969727,687,15,3.26793313026,6.94068527222
29,26.0140590668,688,16,1.46840512753,2.94966721535
29,23.5141830444,689,17,2.21981334686,1.16648709774
29,44.8659667969,690,18,2.66934967041,0.0149689614773
29,63.8204689026,691,19,2.82419800758,0.0
29,81.0617141724,692,20,2.86843395233,0.0
29,92.6003570557,693,21,3.1716735363,0.0
29,199.857452393,694,22,2.87322354317,0.0
29,47.3302383423,695,23,2.62275099754,0.0
29,25.4687080383,696,24,2.27234148979,0.0
30,26.119146347,697,1,2.31656312943,0.0
30,53.2670783997,698,2,2.11343836784,0.0
30,34.0396308899,699,3,2.06237149239,0.0
30,18.9829807281,700,4,2.17698955536,0.0
30,25.7389297485,701,5,2.17803907394,0.0
30,22.2485408783,702,6,2.3905775547,0.0
30,52.8947715759,703,7,2.5114159584,0.167229890823
30,125.865234375,704,8,3.15546393394,4.31022930145
30,265.784393311,705,9,3.80677080154,7.12671375275
30,127.07686615,706,10,3.40676641464,10.8484182358
30,239.57598877,707,11,3.02762365341,13.0780143738
30,178.376312256,708,12,3.10867810249,13.7889995575
30,128.821655273,709,13,3.39771294594,13.7603816986
30,141.017547607,710,14,3.37528777122,10.8256587982
30,44.9431495667,711,15,3.10672903061,10.2199306488
30,42.3484458923,712,16,2.56596016884,6.64103746414
30,25.5855312347,713,17,2.60027170181,1.97421133518
30,41.9166107178,714,18,2.94909882545,0.0123402178288
30,95.54737854,715,19,3.06763386726,0.0
30,223.074890137,716,20,3.09614419937,0.0
30,289.510650635,717,21,3.20598840714,0.0
30,183.247955322,718,22,3.01948308945,0.0
30,127.052276611,719,23,2.84171175957,0.0
30,40.0438842773,720,24,2.4150788784,0.0
31,32.7262268066,721,1,2.30534744263,0.0
31,20.2087802887,722,2,2.2221736908,0.0
31,20.0916824341,723,3,2.16327190399,0.0
31,25.8196735382,724,4,2.16778421402,0.0
31,30.2072887421,725,5,2.19085073471,0.0
31,22.2479286194,726,6,2.66638326645,0.0
31,50.9135627747,727,7,2.9485912323,0.226610690355
31,144.04057312,728,8,3.56873273849,5.28120517731
31,95.1358032227,729,9,3.93549346924,7.96967172623
31,87.7140426636,730,10,4.01482963562,11.321264267
31,81.4750137329,731,11,3.5770316124,12.7140722275
31,94.4578857422,732,12,3.27930951118,13.1520433426
31,112.854278564,733,13,3.29271030426,13.436914444
31,104.753814697,734,14,3.39160919189,14.2676868439
31,98.1449813843,735,15,3.1174697876,14.2928180695
31,89.4924545288,736,16,2.9501144886,11.5622587204
31,46.1291694641,737,17,3.1342663765,5.61312484741
31,53.1495285034,738,18,3.36181879044,0.0303453803062
31,64.1485519409,739,19,3.20992517471,0.0
31,121.176704407,740,20,3.11667776108,0.0
31,151.485900879,741,21,3.37909722328,0.0
31,124.655334473,742,22,2.89995884895,0.0
31,80.7916717529,743,23,2.60593295097,0.0
31,21.4672489166,744,24,2.32701396942,0.0
32,19.2033805847,745,1,2.08313632011,0.0
32,32.5547447205,746,2,1.95060431957,0.0
32,53.2859649658,747,3,1.76489627361,0.0
32,21.1860256195,748,4,1.83781826496,0.0
32,19.7989463806,749,5,1.89139759541,0.0
32,30.0365962982,750,6,3.12078666687,0.0
32,44.3503646851,751,7,5.07995939255,0.149142891169
32,134.318389893,752,8,5.4675078392,4.66086053848
32,125.335693359,753,9,5.20943307877,8.48570251465
32,84.3187103271,754,10,5.07445001602,11.3050947189
32,84.9497451782,755,11,4.21761322021,17.2854881287
32,135.555343628,756,12,3.56354570389,18.4530849457
32,121.305618286,757,13,3.05302786827,17.9162940979
32,64.9781951904,758,14,2.5947906971,16.8498382568
32,32.5593032837,759,15,2.39310121536,11.8895339966
32,119.055404663,760,16,2.53999662399,9.58539199829
32,115.434814453,761,17,3.14681911469,4.00995826721
32,96.8961410522,762,18,3.15202188492,0.0275664329529
32,135.692520142,763,19,3.34155583382,0.0
32,127.719619751,764,20,3.17139387131,0.0
32,70.1888122559,765,21,3.03482508659,0.0
32,79.832862854,766,22,2.81473588943,0.0
32,70.7503967285,767,23,2.48564481735,0.0
32,34.3789291382,768,24,2.07494211197,0.0
33,34.8605155945,769,1,1.8523786068,0.0
33,23.9969501495,770,2,1.72822165489,0.0
33,23.0364723206,771,3,1.85151278973,0.0
33,21.0262928009,772,4,1.79568254948,0.0
33,26.1779670715,773,5,1.79122042656,0.0
33,19.6304359436,774,6,1.9984562397,0.0
33,20.543012619,775,7,3.22669959068,0.0357356071472
33,54.258354187,776,8,4.63883161545,1.74861454964
33,36.5581512451,777,9,4.84073066711,3.24706935883
33,85.5044021606,778,10,4.81099176407,6.36736726761
33,119.884941101,779,11,4.36002349854,8.24551105499
33,111.51424408,780,12,3.55666971207,8.31275939941
33,90.1277313232,781,13,3.03308224678,7.62232446671
33,86.4709854126,782,14,2.77235198021,8.31344223022
33,96.2349777222,783,15,2.68619585037,6.25782871246
33,116.784088135,784,16,3.2511947155,3.75091218948
33,75.9053039551,785,17,3.65438842773,1.76013696194
33,71.0014190674,786,18,3.88795661926,0.0149689614773
33,113.492538452,787,19,3.79590654373,0.0
33,117.3853302,788,20,3.54003834724,0.0
33,129.237533569,789,21,3.47448563576,0.0
33,104.88899231,790,22,2.9368519783,0.0
33,85.1596374512,791,23,2.68192529678,0.0
33,26.3178749084,792,24,1.72774982452,0.0
34,20.8264865875,793,1,1.87984824181,0.0
34,21.9111843109,794,2,1.73306512833,0.0
34,21.1739616394,795,3,1.6481000185,0.0
34,63.0541191101,796,4,1.33598768711,0.0
34,19.0474472046,797,5,1.45027041435,0.0
34,21.9021053314,798,6,3.16169762611,0.0
34,62.4320259094,799,7,4.86204957962,0.0884711146355
34,172.839050293,800,8,5.67352962494,3.5895113945
34,118.717536926,801,9,5.9756231308,6.97391319275
34,84.005027771,802,10,6.93749475479,11.046877861
34,83.7813262939,803,11,6.71093893051,14.1010541916
34,84.1968994141,804,12,4.75379276276,16.0386047363
34,87.4044113159,805,13,4.6354136467,14.9696378708
34,110.817344666,806,14,4.54137420654,12.046043396
34,83.8372802734,807,15,4.18998003006,8.84572505951
34,53.2770195007,808,16,2.56807756424,6.88695526123
34,26.8991031647,809,17,3.04986429214,2.23936271667
34,42.6814117432,810,18,3.1556122303,0.022662550211
34,86.7104187012,811,19,3.6480782032,0.0
34,120.593963623,812,20,2.90958142281,0.0
34,135.733200073,813,21,3.21080946922,0.0
34,172.718322754,814,22,2.925522089,0.0
34,112.202331543,815,23,2.52256417274,0.0
34,30.9313316345,816,24,1.53802883625,0.0
35,23.0231952667,817,1,2.38109230995,0.0
35,19.2422809601,818,2,2.48107671738,0.0
35,18.5667762756,819,3,2.45649695396,0.0
35,18.2654972076,820,4,2.62868905067,0.0
35,19.7182025909,821,5,2.90154862404,0.0
35,25.43126297,822,6,3.12871599197,0.0
35,92.9569625854,823,7,5.16230964661,0.158907324076
35,129.518844604,824,8,6.63698101044,4.44328403473
35,118.349571228,825,9,6.35789060593,8.459608078
35,97.0720367432,826,10,6.13114500046,9.72091674805
35,63.8879051208,827,11,5.10850334167,8.44297409058
35,85.9870910645,828,12,4.32808876038,8.93056106567
35,85.2135696411,829,13,4.02054929733,11.194562912
35,60.1815910339,830,14,3.91782999039,12.9007472992
35,35.1085548401,831,15,3.84429907799,12.9649467468
35,30.398727417,832,16,3.89731907845,11.475227356
35,34.9386940002,833,17,3.91245794296,3.40565443039
35,141.158706665,834,18,4.21050739288,0.0192438662052
35,170.103668213,835,19,3.89291834831,0.0
35,171.205032349,836,20,3.69250822067,0.0
35,204.552902222,837,21,3.690097332,0.0
35,193.827926636,838,22,3.21771931648,0.0
35,160.749130249,839,23,2.59855389595,0.0
35,84.1439208984,840,24,1.95527267456,0.0
36,53.1398773193,841,1,2.541431427,0.0
36,28.3870048523,842,2,2.68490481377,0.0
36,18.856092453,843,3,2.6281542778,0.0
36,20.443151474,844,4,2.81725716591,0.0
36,18.7389945984,845,5,2.70381069183,0.0
36,22.8814277649,846,6,2.39174747467,0.0
36,42.8603363037,847,7,5.1920838356,0.161990314722
36,150.50743103,848,8,5.82881164551,6.28972530365
36,161.057830811,849,9,6.46679735184,13.863740921
36,105.862709045,850,10,5.68520402908,15.1792879105
36,213.70652771,851,11,5.01137924194,15.9051198959
36,214.456863403,852,12,4.51648759842,16.8605442047
36,102.430488586,853,13,4.38686466217,15.9382696152
36,136.105148315,854,14,3.51819992065,10.5975646973
36,132.255615234,855,15,3.70192885399,6.21852827072
36,99.0478897095,856,16,3.63211727142,5.90563392639
36,94.583946228,857,17,3.6079146862,2.21065998077
36,86.4336166382,858,18,3.68755722046,0.0102288424969
36,88.9099960327,859,19,3.56707572937,0.0
36,59.7742500305,860,20,3.23221921921,0.0
36,24.3342342377,861,21,3.50979351997,0.0
36,23.2628631592,862,22,3.12537574768,0.0
36,25.748008728,863,23,2.62082433701,0.0
36,82.0290145874,864,24,2.10644435883,0.0
37,36.7807197571,865,1,2.53439092636,0.0
37,19.4473667145,866,2,2.78161144257,0.0
37,20.7968292236,867,3,2.69752192497,0.0
37,20.5811405182,868,4,2.73430085182,0.0
37,20.5238952637,869,5,2.55538511276,0.0
37,21.2343292236,870,6,3.05378246307,0.0
37,81.1188812256,871,7,5.06198072433,0.147031515837
37,37.5712203979,872,8,6.32778215408,5.08446216583
37,47.6262779236,873,9,5.95392370224,10.0286808014
37,69.5986251831,874,10,6.82039546967,16.114074707
37,86.9898223877,875,11,5.22919988632,18.3433303833
37,172.450790405,876,12,4.46773052216,19.20911026
37,127.278419495,877,13,4.38975191116,18.9694252014
37,88.2562255859,878,14,3.93460536003,17.6191425323
37,100.80708313,879,15,4.26372861862,14.2571525574
37,162.845825195,880,16,4.38411235809,10.4676237106
37,143.367462158,881,17,4.41875839233,5.38083076477
37,145.184005737,882,18,4.05374860764,0.0279185771942
37,87.4630966187,883,19,4.12864780426,0.0
37,105.049530029,884,20,3.70169448853,0.0
37,112.577316284,885,21,3.6668484211,0.0
37,60.1830444336,886,22,3.08984470367,0.0
37,28.6133956909,887,23,2.79581522942,0.0
37,18.2472667694,888,24,2.17726254463,0.0
38,52.0424346924,889,1,2.2934679985,0.0
38,18.3133125305,890,2,2.39891457558,0.0
38,22.1991519928,891,3,2.25702357292,0.0
38,18.4930286407,892,4,2.13188505173,0.0
38,16.6819152832,893,5,1.8722935915,0.0
38,18.4344749451,894,6,2.98135948181,0.0
38,44.2215614319,895,7,5.83382129669,0.170013576746
38,156.12727356,896,8,7.43608474731,8.70614528656
38,150.106613159,897,9,7.4911441803,14.5666151047
38,109.125991821,898,10,7.54495191574,18.764415741
38,103.572349548,899,11,7.36117553711,21.6930332184
38,83.8018341064,900,12,4.94600534439,21.8661422729
38,82.9359207153,901,13,5.48244857788,21.406993866
38,51.1813964844,902,14,4.84077310562,20.1783695221
38,78.7072372437,903,15,4.72142744064,17.0943546295
38,108.332794189,904,16,4.31029558182,13.3022947311
38,82.7490539551,905,17,4.31410455704,5.64418411255
38,162.403518677,906,18,4.57037067413,0.0303453803062
38,148.219573975,907,19,4.85664510727,0.0
38,125.805244446,908,20,3.91135001183,0.0
38,98.5207061768,909,21,3.79093003273,0.0
38,73.9892196655,910,22,3.63774490356,0.0
38,19.1519565582,911,23,2.67050981522,0.0
38,40.8895378113,912,24,2.10106134415,0.0
39,40.6178359985,913,1,2.64371728897,0.0
39,47.937210083,914,2,2.77154278755,0.0
39,21.1860256195,915,3,2.67905187607,0.0
39,17.5861053467,916,4,2.61070108414,0.0
39,18.6582508087,917,5,2.84056210518,0.0
39,23.0291080475,918,6,3.04572701454,0.0
39,30.7682533264,919,7,5.2411031723,0.149142891169
39,119.813285828,920,8,6.12634754181,4.73129558563
39,94.3789978027,921,9,6.42669391632,6.77183151245
39,50.9878845215,922,10,7.1288766861,12.2609796524
39,28.959280014,923,11,5.02013921738,17.7716827393
39,59.1844711304,924,12,4.13313293457,20.3017520905
39,61.3443756104,925,13,4.07174110413,20.9355659485
39,135.685043335,926,14,4.02258777618,18.6584663391
39,132.255065918,927,15,4.21649312973,16.1744155884
39,146.073181152,928,16,4.38317060471,12.6423625946
39,197.350219727,929,17,4.39141559601,5.57984018326
39,155.022644043,930,18,4.56448745728,0.0303453803062
39,97.0802078247,931,19,4.63536834717,0.0
39,132.011108398,932,20,4.08863925934,0.0
39,106.289932251,933,21,3.8761882782,0.0
39,89.3699569702,934,22,3.56152534485,0.0
39,90.533454895,935,23,2.85508155823,0.0
39,94.9025344849,936,24,2.22912859917,0.0
40,95.8258743286,937,1,2.43826055527,0.0
40,105.614707947,938,2,2.43715381622,0.0
40,58.0269432068,939,3,2.58689856529,0.0
40,32.7262268066,940,4,2.37370443344,0.0
40,19.9160442352,941,5,2.30870580673,0.0
40,19.7074718475,942,6,2.99299550056,0.0
40,16.7626590729,943,7,5.14537906647,0.1220446527
40,19.8803405762,944,8,5.96143865585,6.17146253586
40,34.1074485779,945,9,6.85107851028,12.2138776779
40,57.7843513489,946,10,5.1886138916,16.0577087402
40,79.0634536743,947,11,4.96771192551,17.5648384094
40,56.7022171021,948,12,4.31414604187,18.5479621887
40,89.2908554077,949,13,4.4276714325,18.2668571472
40,81.482635498,950,14,4.65133094788,14.3375740051
40,90.6683120728,951,15,4.6917591095,9.43465042114
40,241.822769165,952,16,4.08404636383,8.77579593658
40,179.448532104,953,17,4.0228266716,4.639960289
40,136.88609314,954,18,4.55023813248,0.0302591919899
40,144.703445435,955,19,4.68194818497,0.0
40,84.6590194702,956,20,4.09943962097,0.0
40,153.786132812,957,21,3.94249415398,0.0
40,150.031097412,958,22,3.55834627151,0.0
40,62.70911026,959,23,2.93097424507,0.0
40,22.3759822845,960,24,2.42162752151,0.0
41,18.1743659973,961,1,2.27068424225,0.0
41,19.9194641113,962,2,2.29572296143,0.0
41,19.7989463806,963,3,2.45526409149,0.0
41,31.9472846985,964,4,2.23331904411,0.0
41,37.1718330383,965,5,2.13133883476,0.0
41,20.1654510498,966,6,2.56235694885,0.0
41,58.0195770264,967,7,3.7125582695,0.0575871169567
41,169.859786987,968,8,4.50775957108,3.02715492249
41,95.5858078003,969,9,4.52724313736,6.85761499405
41,85.5651550293,970,10,4.54508686066,10.530790329
41,73.0803527832,971,11,4.27562093735,12.3843173981
41,79.1441345215,972,12,3.80265974998,12.626581192
41,173.500549316,973,13,3.82178044319,15.1943387985
41,189.114105225,974,14,3.94859981537,17.5172672272
41,24.479467392,975,15,4.01357507706,18.4070663452
41,22.1785469055,976,16,4.08063983917,16.4218559265
41,26.6114959717,977,17,4.08983039856,8.24899101257
41,48.5598373413,978,18,3.90108633041,0.0403767824173
41,83.1120758057,979,19,4.49722480774,0.0
41,96.639465332,980,20,3.7257437706,0.0
41,185.3644104,981,21,3.48612928391,0.0
41,86.6892776489,982,22,3.24093055725,0.0
41,69.0458145142,983,23,2.81357145309,0.0
41,34.9975166321,984,24,2.33666086197,0.0
42,20.7678813934,985,1,2.37306165695,0.0
42,19.3296203613,986,2,2.24689865112,0.0
42,61.876701355,987,3,2.35811471939,0.0
42,17.8945579529,988,4,2.45864295959,0.0
42,17.5872459412,989,5,2.56425595284,0.0
42,19.6209659576,990,6,3.35979628563,0.0
42,86.1236419678,991,7,4.82890510559,0.107576668262
42,150.020965576,992,8,5.38017320633,3.78936505318
42,104.861557007,993,9,5.64596271515,4.4813709259
42,98.7276153564,994,10,5.77648973465,6.2949590683
42,85.7638473511,995,11,5.07817268372,7.61889076233
42,50.793296814,996,12,4.24968194962,8.49271583557
42,21.3445949554,997,13,4.22762298584,7.40168762207
42,21.0147132874,998,14,4.12980270386,6.79624891281
42,19.2276172638,999,15,4.51808214188,6.02436685562
42,18.5836544037,1000,16,4.40004110336,3.25814461708
42,35.1253318787,1001,17,4.55307340622,0.824050068855
42,86.4814758301,1002,18,4.51066875458,0.0128575861454
42,117.523155212,1003,19,5.31676864624,0.0
42,114.782211304,1004,20,4.33077907562,0.0
42,131.182769775,1005,21,3.74631476402,0.0
42,141.872299194,1006,22,3.4177172184,0.0
42,53.7369308472,1007,23,3.0862159729,0.0
42,35.1728057861,1008,24,2.40634441376,0.0
43,24.4580020905,1009,1,2.50083708763,0.0
43,19.3337554932,1010,2,2.50542378426,0.0
43,21.6629619598,1011,3,2.41166543961,0.0
43,20.1489276886,1012,4,2.51470208168,0.0
43,34.6940193176,1013,5,2.61486053467,0.0
43,44.4530448914,1014,6,3.1426179409,0.0
43,62.6745872498,1015,7,4.89277029037,0.165118515491
43,169.725784302,1016,8,5.17414093018,3.82279372215
43,86.7590789795,1017,9,5.27488231659,3.70678973198
43,71.1009750366,1018,10,5.60404109955,6.63916635513
43,81.0726242065,1019,11,4.95464754105,7.37959957123
43,89.5931854248,1020,12,4.38610553741,8.7876663208
43,87.0599899292,1021,13,4.10093927383,8.66711902618
43,47.9654350281,1022,14,4.09222412109,6.2108001709
43,19.648973465,1023,15,4.6255569458,5.59003162384
43,26.4735069275,1024,16,4.50956392288,3.14265561104
43,50.0314712524,1025,17,4.65794992447,1.18285417557
43,71.3910598755,1026,18,4.57891654968,0.0128575861454
43,91.2766265869,1027,19,5.52357196808,0.0
43,129.899261475,1028,20,4.0735912323,0.0
43,120.206504822,1029,21,3.83840322495,0.0
43,112.380523682,1030,22,3.63961911201,0.0
43,64.9309768677,1031,23,2.90648889542,0.0
43,35.1728057861,1032,24,2.37659978867,0.0
44,30.1701126099,1033,1,2.22829818726,0.0
44,20.6039161682,1034,2,2.37209010124,0.0
44,28.2962665558,1035,3,2.31296682358,0.0
44,64.5424118042,1036,4,2.30229878426,0.0
44,30.3260536194,1037,5,2.37989258766,0.0
44,23.522600174,1038,6,3.23389744759,0.0
44,60.6878166199,1039,7,5.00178194046,0.0281313061714
44,165.659500122,1040,8,5.44904756546,1.57324898243
44,93.0804519653,1041,9,5.89816951752,3.22983574867
44,74.5897903442,1042,10,7.04535341263,8.21304130554
44,77.5906143188,1043,11,5.75718975067,10.6643457413
44,86.4681167603,1044,12,4.99405431747,11.7368278503
44,102.964614868,1045,13,4.35314846039,10.3419332504
44,54.2428703308,1046,14,4.0860710144,10.961977005
44,24.2199859619,1047,15,4.40674972534,8.08802986145
44,22.124124527,1048,16,3.83441972733,4.6378455162
44,25.2658977509,1049,17,3.68069052696,0.908331036568
44,33.5936813354,1050,18,3.82013654709,0.0128575861454
44,147.548721313,1051,19,4.20149564743,0.0
44,154.285812378,1052,20,3.16279459,0.0
44,126.150970459,1053,21,3.1489777565,0.0
44,108.587631226,1054,22,3.00667047501,0.0
44,51.3547477722,1055,23,2.67838191986,0.0
44,28.704870224,1056,24,2.21543884277,0.0
45,21.086145401,1057,1,2.15090799332,0.0
45,17.8252487183,1058,2,2.02473282814,0.0
45,53.9239959717,1059,3,1.99783909321,0.0
45,20.8323478699,1060,4,1.95180797577,0.0
45,19.0904769897,1061,5,2.10999488831,0.0
45,17.6743392944,1062,6,2.33965015411,0.0
45,45.3745574951,1063,7,2.85927867889,0.0270209312439
45,117.375900269,1064,8,3.21701574326,1.19626319408
45,84.075088501,1065,9,3.6642780304,3.13524222374
45,74.5897140503,1066,10,3.95785045624,10.069524765
45,80.6108932495,1067,11,3.84327721596,14.6546087265
45,92.9983520508,1068,12,3.62867546082,16.5076942444
45,89.9124755859,1069,13,3.30964636803,16.273853302
45,90.2557983398,1070,14,2.94821763039,16.6780490875
45,96.724937439,1071,15,3.46980333328,13.6723365784
45,89.7344512939,1072,16,3.0855550766,9.6141204834
45,97.5269241333,1073,17,3.06225371361,3.57458209991
45,48.7724685669,1074,18,3.21118783951,0.025455057621
45,53.3500518799,1075,19,3.60211873055,0.0
45,74.8109130859,1076,20,3.14013195038,0.0
45,104.501853943,1077,21,3.20383310318,0.0
45,117.425270081,1078,22,3.08037877083,0.0
45,40.2101135254,1079,23,2.684684515,0.0
45,22.3759822845,1080,24,2.12396240234,0.0
46,18.7047653198,1081,1,2.07082939148,0.0
46,18.6582508087,1082,2,2.04706430435,0.0
46,24.133272171,1083,3,1.90899312496,0.0
46,18.4980449677,1084,4,1.755464077,0.0
46,20.4141139984,1085,5,1.90175271034,0.0
46,53.1548843384,1086,6,2.51502346992,0.0
46,44.5448646545,1087,7,3.50265908241,0.167902201414
46,165.656341553,1088,8,4.11431026459,9.44263648987
46,116.320526123,1089,9,4.63432073593,14.2368144989
46,115.336669922,1090,10,4.78083324432,16.3924465179
46,76.8970489502,1091,11,3.95885539055,17.5475540161
46,149.709869385,1092,12,3.50262761116,18.9668369293
46,66.0524139404,1093,13,3.5143802166,19.3636493683
46,73.4549713135,1094,14,3.07410597801,19.3395557404
46,58.1548957825,1095,15,3.25009918213,17.1514911652
46,85.7726516724,1096,16,3.09796023369,12.1789207458
46,92.9870071411,1097,17,2.95043206215,5.39988994598
46,100.640029907,1098,18,2.96769618988,0.028147816658
46,278.359558105,1099,19,3.38208985329,0.0
46,218.025680542,1100,20,3.24510383606,0.0
46,131.379425049,1101,21,3.15243148804,0.0
46,115.43182373,1102,22,2.8082447052,0.0
46,83.3408508301,1103,23,2.29798698425,0.0
46,42.8293228149,1104,24,1.88233995438,0.0
47,20.0373535156,1105,1,1.11723148823,0.0
47,19.0904769897,1106,2,1.01683497429,0.0
47,17.505361557,1107,3,0.890489220619,0.0
47,18.1278514862,1108,4,0.992115557194,0.0
47,22.1991519928,1109,5,1.06667351723,0.0
47,17.8824939728,1110,6,1.8926987648,0.0
47,63.4965553284,1111,7,3.55563306808,0.0760232508183
47,133.21270752,1112,8,3.70102024078,5.70558929443
47,144.45614624,1113,9,3.86132526398,10.5698099136
47,84.489982605,1114,10,3.67507147789,11.2681808472
47,163.936050415,1115,11,3.15917944908,12.5322570801
47,166.715118408,1116,12,2.64972472191,13.621840477
47,107.625465393,1117,13,2.48070669174,14.2620744705
47,121.437431335,1118,14,2.26360964775,13.1861066818
47,98.6002120972,1119,15,2.34032011032,10.9187097549
47,85.6371765137,1120,16,2.9793047905,10.7272396088
47,45.7896957397,1121,17,2.86595916748,5.31693983078
47,43.3044929504,1122,18,3.09451270103,0.0279185771942
47,194.654541016,1123,19,3.32282352448,0.0
47,146.133575439,1124,20,3.0628554821,0.0
47,89.8540878296,1125,21,2.92653393745,0.0
47,147.580734253,1126,22,2.03816056252,0.0
47,68.074798584,1127,23,1.75131595135,0.0
47,21.5253200531,1128,24,1.31052136421,0.0
48,21.7437057495,1129,1,2.00758934021,0.0
48,18.4930286407,1130,2,1.95304536819,0.0
48,17.1214046478,1131,3,1.62225782871,0.0
48,17.6787204742,1132,4,1.29414057732,0.0
48,21.6629619598,1133,5,1.99885118008,0.0
48,18.6620063782,1134,6,2.23312330246,0.0
48,42.7795944214,1135,7,3.81796526909,0.133053451777
48,149.833557129,1136,8,4.06028842926,9.89246749878
48,98.6412658691,1137,9,3.95903706551,17.1227359772
48,93.0260696411,1138,10,3.68291115761,19.7705249786
48,86.983581543,1139,11,3.69152283669,19.7495250702
48,112.427566528,1140,12,2.67742657661,18.6649341583
48,63.0332832336,1141,13,2.36873435974,19.0408229828
48,54.4084434509,1142,14,2.19579792023,19.8005771637
48,92.5975723267,1143,15,2.11063575745,18.4680309296
48,27.5108909607,1144,16,3.00863647461,14.4190673828
48,32.5186004639,1145,17,2.99065542221,5.36529350281
48,64.2434234619,1146,18,3.03757786751,0.028147816658
48,99.3664016724,1147,19,3.47395300865,0.0
48,144.430801392,1148,20,2.95389509201,0.0
48,166.414123535,1149,21,2.91866326332,0.0
48,82.0647506714,1150,22,2.7382133007,0.0
48,51.0078430176,1151,23,2.45724582672,0.0
48,32.95262146,1152,24,1.34882211685,0.0
49,19.9160442352,1153,1,1.71212410927,0.0
49,17.2936229706,1154,2,1.71974539757,0.0
49,27.0286540985,1155,3,1.76386106014,0.0
49,44.1219863892,1156,4,1.64045655727,0.0
49,18.9559726715,1157,5,1.76840615273,0.0
49,18.7357540131,1158,6,2.80500197411,0.0
49,46.2287063599,1159,7,4.22697162628,0.0769054889679
49,172.53565979,1160,8,4.72931241989,3.96364569664
49,87.9725494385,1161,9,4.93042325974,7.02551603317
49,86.3378067017,1162,10,4.85548353195,9.38160228729
49,85.834274292,1163,11,4.12959432602,10.1316366196
49,82.190612793,1164,12,3.99537801743,11.4427042007
49,99.476776123,1165,13,3.77179169655,16.1411819458
49,133.212310791,1166,14,3.22066879272,20.5811843872
49,125.186607361,1167,15,3.41009497643,19.5839328766
49,83.8690795898,1168,16,3.23166060448,16.3881473541
49,52.3772087097,1169,17,2.84761834145,4.10360240936
49,116.328010559,1170,18,3.02841734886,0.025455057621
49,133.803131104,1171,19,3.61161255836,0.0
49,107.557159424,1172,20,3.33214378357,0.0
49,158.044342041,1173,21,3.34856557846,0.0
49,107.19127655,1174,22,3.16865420341,0.0
49,27.7827472687,1175,23,2.86235165596,0.0
49,23.4747695923,1176,24,1.74062716961,0.0
50,19.8592758179,1177,1,1.70259022713,0.0
50,17.5861053467,1178,2,1.71863305569,0.0
50,18.3550395966,1179,3,1.71976923943,0.0
50,18.1278514862,1180,4,1.68220901489,0.0
50,21.9781093597,1181,5,1.88211715221,0.0
50,58.8394889832,1182,6,2.66386532784,0.0
50,62.4890327454,1183,7,3.38539433479,0.0737772881985
50,170.718475342,1184,8,4.08179759979,6.43066310883
50,104.749595642,1185,9,3.99173307419,13.9604825974
50,82.5634689331,1186,10,3.60751986504,16.4166927338
50,43.4439888,1187,11,3.44994163513,17.2910022736
50,68.705078125,1188,12,3.15912294388,18.112247467
50,32.8419380188,1189,13,2.88344669342,18.9642333984
50,20.8696079254,1190,14,2.63573741913,19.2170982361
50,17.896604538,1191,15,2.64302206039,13.9849252701
50,21.9675807953,1192,16,2.99529623985,10.752497673
50,33.1437835693,1193,17,3.03612375259,6.15998983383
50,93.9877166748,1194,18,3.19377326965,0.0401339828968
50,124.051399231,1195,19,3.61845636368,0.0
50,146.020370483,1196,20,3.5177385807,0.0
50,99.0527420044,1197,21,3.34247875214,0.0
50,86.7680892944,1198,22,2.93048357964,0.0
50,81.0954284668,1199,23,2.53658866882,0.0
50,63.3623847961,1200,24,1.83535075188,0.0
