t1,t2,t3,t4,t5,t6,t7,exp_ma,hour,slope1,slope2,curr_pred,actual
0,0,0,0,0,0,0,141.75,0,0,0,0,0
0,0,0,0,0,0,0,141.75,1,0,0,0,0
0,0,0,0,0,0,0,141.75,2,0,0,0,0
0,0,0,0,0,0,0,141.75,3,0,0,0,0
0,0,0,0,0,0,0,141.75,4,0,0,0,0
0,0,0,0,0,0,0,141.75,5,0,0.32,0,0
0.32,0.32,0.32,0.32,0.32,0.32,0.32,141.75,6,0.32,7.279999999999999,0.32,0.0
7.6,7.6,7.6,7.6,7.6,7.6,7.6,141.75,7,7.279999999999999,5.620000000000001,7.6,6.43
13.22,13.22,13.22,13.22,13.22,13.22,13.22,141.75,8,5.620000000000001,5.4,13.22,17.2
18.62,18.62,18.62,18.62,18.62,18.62,18.62,141.75,9,5.4,0.6999999999999993,18.62,21.64
19.32,19.32,19.32,19.32,19.32,19.32,19.32,141.75,10,0.6999999999999993,-1.0899999999999999,19.32,22.52
18.23,18.23,18.23,18.23,18.23,18.23,18.23,141.75,11,-1.0899999999999999,4.349999999999998,18.23,21.87
22.58,22.58,22.58,22.58,22.58,22.58,22.58,141.75,12,4.349999999999998,-5.09,22.58,22.77
17.49,17.49,17.49,17.49,17.49,17.49,17.49,141.75,13,-5.09,-7.419999999999998,17.49,22.89
10.07,10.07,10.07,10.07,10.07,10.07,10.07,141.75,14,-7.419999999999998,-1.8000000000000007,10.07,22.03
8.27,8.27,8.27,8.27,8.27,8.27,8.27,141.75,15,-1.8000000000000007,-2.539999999999999,8.27,17.93
5.73,5.73,5.73,5.73,5.73,5.73,5.73,141.75,16,-2.539999999999999,-5.430000000000001,5.73,8.96
0.3,0.3,0.3,0.3,0.3,0.3,0.3,141.75,17,-5.430000000000001,-0.3,0.3,0.13
0,0,0,0,0,0,0,141.75,18,-0.3,0,0,0
0,0,0,0,0,0,0,141.75,19,0,0,0,0
0,0,0,0,0,0,0,141.75,20,0,0,0,0
0,0,0,0,0,0,0,141.75,21,0,0,0,0
0,0,0,0,0,0,0,141.75,22,0,0,0,0
0,0,0,0,0,0,0,141.75,23,0,0,0,0
0,0,0,0,0,0,0,142.388693833,0,0,0,0,0
0,0,0,0,0,0,0,142.388693833,1,0,0,0,0
0,0,0,0,0,0,0,142.388693833,2,0,0,0,0
0,0,0,0,0,0,0,142.388693833,3,0,0,0,0
0,0,0,0,0,0,0,142.388693833,4,0,0,0,0
0,0,0,0,0,0,0,142.388693833,5,0,1.14,0,0
1.14,1.14,1.14,1.14,1.14,1.14,1.14,142.388693833,6,1.14,11.2,1.14,0.0
12.34,12.34,12.34,12.34,12.34,12.34,12.34,142.388693833,7,11.2,7.43,12.34,5.91
19.77,19.77,19.77,19.77,19.77,19.77,19.77,142.388693833,8,7.43,1.1400000000000006,19.77,15.91
20.91,20.91,20.91,20.91,20.91,20.91,20.91,142.388693833,9,1.1400000000000006,-0.1999999999999993,20.91,20.83
20.71,20.71,20.71,20.71,20.71,20.71,20.71,142.388693833,10,-0.1999999999999993,1.259999999999998,20.71,23.34
21.97,21.97,21.97,21.97,21.97,21.97,21.97,142.388693833,11,1.259999999999998,0.5199999999999996,21.97,24.28
22.49,22.49,22.49,22.49,22.49,22.49,22.49,142.388693833,12,0.5199999999999996,-5.419999999999998,22.49,24.44
17.07,17.07,17.07,17.07,17.07,17.07,17.07,142.388693833,13,-5.419999999999998,-6.4,17.07,23.78
10.67,10.67,10.67,10.67,10.67,10.67,10.67,142.388693833,14,-6.4,-3.45,10.67,21.93
7.22,7.22,7.22,7.22,7.22,7.22,7.22,142.388693833,15,-3.45,-1.2599999999999998,7.22,17.84
5.96,5.96,5.96,5.96,5.96,5.96,5.96,142.388693833,16,-1.2599999999999998,-5.71,5.96,9.72
0.25,0.25,0.25,0.25,0.25,0.25,0.25,142.388693833,17,-5.71,-0.25,0.25,0.13
0,0,0,0,0,0,0,142.388693833,18,-0.25,0,0,0
0,0,0,0,0,0,0,142.388693833,19,0,0,0,0
0,0,0,0,0,0,0,142.388693833,20,0,0,0,0
0,0,0,0,0,0,0,142.388693833,21,0,0,0,0
0,0,0,0,0,0,0,142.388693833,22,0,0,0,0
0,0,0,0,0,0,0,142.388693833,23,0,0,0,0
0,0,0,0,0,0,0,144.002675061,0,0,0,0,0
0,0,0,0,0,0,0,144.002675061,1,0,0,0,0
0,0,0,0,0,0,0,144.002675061,2,0,0,0,0
0,0,0,0,0,0,0,144.002675061,3,0,0,0,0
0,0,0,0,0,0,0,144.002675061,4,0,0,0,0
0,0,0,0,0,0,0,144.002675061,5,0,0.44,0,0
0.44,0.44,0.44,0.44,0.44,0.44,0.44,144.002675061,6,0.44,9.34,0.44,0.0
9.78,9.78,9.78,9.78,9.78,9.78,9.78,144.002675061,7,9.34,9.320000000000002,9.78,5.87
19.1,19.1,19.1,19.1,19.1,19.1,19.1,144.002675061,8,9.320000000000002,3.799999999999997,19.1,16.53
22.9,22.9,22.9,22.9,22.9,22.9,22.9,144.002675061,9,3.799999999999997,-3.629999999999999,22.9,21.26
19.27,19.27,19.27,19.27,19.27,19.27,19.27,144.002675061,10,-3.629999999999999,1.3500000000000014,19.27,21.07
20.62,20.62,20.62,20.62,20.62,20.62,20.62,144.002675061,11,1.3500000000000014,4.099999999999998,20.62,18.58
24.72,24.72,24.72,24.72,24.72,24.72,24.72,144.002675061,12,4.099999999999998,-4.099999999999998,24.72,18.25
20.62,20.62,20.62,20.62,20.62,20.62,20.62,144.002675061,13,-4.099999999999998,-0.5400000000000027,20.62,18.05
20.08,20.08,20.08,20.08,20.08,20.08,20.08,144.002675061,14,-0.5400000000000027,-1.1999999999999993,20.08,15.43
18.88,18.88,18.88,18.88,18.88,18.88,18.88,144.002675061,15,-1.1999999999999993,-6.209999999999999,18.88,15.82
12.67,12.67,12.67,12.67,12.67,12.67,12.67,144.002675061,16,-6.209999999999999,-11.98,12.67,10.51
0.69,0.69,0.69,0.69,0.69,0.69,0.69,144.002675061,17,-11.98,-0.69,0.69,0.17
0,0,0,0,0,0,0,144.002675061,18,-0.69,0,0,0
0,0,0,0,0,0,0,144.002675061,19,0,0,0,0
0,0,0,0,0,0,0,144.002675061,20,0,0,0,0
0,0,0,0,0,0,0,144.002675061,21,0,0,0,0
0,0,0,0,0,0,0,144.002675061,22,0,0,0,0
0,0,0,0,0,0,0,144.002675061,23,0,0,0,0
0,0,0,0,0,0,0,143.385690855,0,0,0,0,0
0,0,0,0,0,0,0,143.385690855,1,0,0,0,0
0,0,0,0,0,0,0,143.385690855,2,0,0,0,0
0,0,0,0,0,0,0,143.385690855,3,0,0,0,0
0,0,0,0,0,0,0,143.385690855,4,0,0,0,0
0,0,0,0,0,0,0,143.385690855,5,0,0.16,0,0
0.16,0.16,0.16,0.16,0.16,0.16,0.16,143.385690855,6,0.16,4.4799999999999995,0.16,0.0
4.64,4.64,4.64,4.64,4.64,4.64,4.64,143.385690855,7,4.4799999999999995,4.86,4.64,6.44
9.5,9.5,9.5,9.5,9.5,9.5,9.5,143.385690855,8,4.86,-0.6899999999999995,9.5,17.58
8.81,8.81,8.81,8.81,8.81,8.81,8.81,143.385690855,9,-0.6899999999999995,1.959999999999999,8.81,22.07
10.77,10.77,10.77,10.77,10.77,10.77,10.77,143.385690855,10,1.959999999999999,5.710000000000001,10.77,21.8
16.48,16.48,16.48,16.48,16.48,16.48,16.48,143.385690855,11,5.710000000000001,-1.1500000000000004,16.48,18.51
15.33,15.33,15.33,15.33,15.33,15.33,15.33,143.385690855,12,-1.1500000000000004,5.200000000000001,15.33,20.26
20.53,20.53,20.53,20.53,20.53,20.53,20.53,143.385690855,13,5.200000000000001,-0.9400000000000013,20.53,21.44
19.59,19.59,19.59,19.59,19.59,19.59,19.59,143.385690855,14,-0.9400000000000013,-4.76,19.59,20.82
14.83,14.83,14.83,14.83,14.83,14.83,14.83,143.385690855,15,-4.76,-9.71,14.83,18.22
5.12,5.12,5.12,5.12,5.12,5.12,5.12,143.385690855,16,-9.71,-4.99,5.12,11.14
0.13,0.13,0.13,0.13,0.13,0.13,0.13,143.385690855,17,-4.99,-0.13,0.13,0.19
0,0,0,0,0,0,0,143.385690855,18,-0.13,0,0,0
0,0,0,0,0,0,0,143.385690855,19,0,0,0,0
0,0,0,0,0,0,0,143.385690855,20,0,0,0,0
0,0,0,0,0,0,0,143.385690855,21,0,0,0,0
0,0,0,0,0,0,0,143.385690855,22,0,0,0,0
0,0,0,0,0,0,0,143.385690855,23,0,0,0,0
0,0,0,0,0,0,0,142.905539879,0,0,0,0,0
0,0,0,0,0,0,0,142.905539879,1,0,0,0,0
0,0,0,0,0,0,0,142.905539879,2,0,0,0,0
0,0,0,0,0,0,0,142.905539879,3,0,0,0,0
0,0,0,0,0,0,0,142.905539879,4,0,0,0,0
0,0,0,0,0,0,0,142.905539879,5,0,0.23,0,0
0.23,0.23,0.23,0.23,0.23,0.23,0.23,142.905539879,6,0.23,6.02,0.23,0.0
6.25,6.25,6.25,6.25,6.25,6.25,6.25,142.905539879,7,6.02,5.23,6.25,5.19
11.48,11.48,11.48,11.48,11.48,11.48,11.48,142.905539879,8,5.23,7.129999999999999,11.48,13.41
18.61,18.61,18.61,18.61,18.61,18.61,18.61,142.905539879,9,7.129999999999999,-0.9699999999999989,18.61,17.42
17.64,17.64,17.64,17.64,17.64,17.64,17.64,142.905539879,10,-0.9699999999999989,-0.030000000000001137,17.64,19.2
17.61,17.61,17.61,17.61,17.61,17.61,17.61,142.905539879,11,-0.030000000000001137,3.25,17.61,20.16
20.86,20.86,20.86,20.86,20.86,20.86,20.86,142.905539879,12,3.25,-3.9399999999999977,20.86,19.73
16.92,16.92,16.92,16.92,16.92,16.92,16.92,142.905539879,13,-3.9399999999999977,-6.230000000000002,16.92,18.63
10.69,10.69,10.69,10.69,10.69,10.69,10.69,142.905539879,14,-6.230000000000002,-3.76,10.69,15.14
6.93,6.93,6.93,6.93,6.93,6.93,6.93,142.905539879,15,-3.76,-4.9,6.93,12.43
2.03,2.03,2.03,2.03,2.03,2.03,2.03,142.905539879,16,-4.9,-1.9899999999999998,2.03,8.02
0.04,0.04,0.04,0.04,0.04,0.04,0.04,142.905539879,17,-1.9899999999999998,-0.04,0.04,0.14
0,0,0,0,0,0,0,142.905539879,18,-0.04,0,0,0
0,0,0,0,0,0,0,142.905539879,19,0,0,0,0
0,0,0,0,0,0,0,142.905539879,20,0,0,0,0
0,0,0,0,0,0,0,142.905539879,21,0,0,0,0
0,0,0,0,0,0,0,142.905539879,22,0,0,0,0
0,0,0,0,0,0,0,142.905539879,23,0,0,0,0
0,0,0,0,0,0,0,141.850739914,0,0,0,0,0
0,0,0,0,0,0,0,141.850739914,1,0,0,0,0
0,0,0,0,0,0,0,141.850739914,2,0,0,0,0
0,0,0,0,0,0,0,141.850739914,3,0,0,0,0
0,0,0,0,0,0,0,141.850739914,4,0,0,0,0
0,0,0,0,0,0,0,141.850739914,5,0,0.21,0,0
0.21,0.21,0.21,0.21,0.21,0.21,0.21,141.850739914,6,0.21,3.87,0.21,0.0
4.08,4.08,4.08,4.08,4.08,4.08,4.08,141.850739914,7,3.87,4.779999999999999,4.08,1.25
8.86,8.86,8.86,8.86,8.86,8.86,8.86,141.850739914,8,4.779999999999999,1.5700000000000003,8.86,6.6
10.43,10.43,10.43,10.43,10.43,10.43,10.43,141.850739914,9,1.5700000000000003,2.2699999999999996,10.43,9.86
12.7,12.7,12.7,12.7,12.7,12.7,12.7,141.850739914,10,2.2699999999999996,2.370000000000001,12.7,12.2
15.07,15.07,15.07,15.07,15.07,15.07,15.07,141.850739914,11,2.370000000000001,-0.4299999999999997,15.07,13.53
14.64,14.64,14.64,14.64,14.64,14.64,14.64,141.850739914,12,-0.4299999999999997,0.5999999999999996,14.64,15.8
15.24,15.24,15.24,15.24,15.24,15.24,15.24,141.850739914,13,0.5999999999999996,-1.290000000000001,15.24,15.94
13.95,13.95,13.95,13.95,13.95,13.95,13.95,141.850739914,14,-1.290000000000001,-2.26,13.95,14.96
11.69,11.69,11.69,11.69,11.69,11.69,11.69,141.850739914,15,-2.26,-6.7299999999999995,11.69,11.9
4.96,4.96,4.96,4.96,4.96,4.96,4.96,141.850739914,16,-6.7299999999999995,-4.85,4.96,6.71
0.11,0.11,0.11,0.11,0.11,0.11,0.11,141.850739914,17,-4.85,-0.11,0.11,0.11
0,0,0,0,0,0,0,141.850739914,18,-0.11,0,0,0
0,0,0,0,0,0,0,141.850739914,19,0,0,0,0
0,0,0,0,0,0,0,141.850739914,20,0,0,0,0
0,0,0,0,0,0,0,141.850739914,21,0,0,0,0
0,0,0,0,0,0,0,141.850739914,22,0,0,0,0
0,0,0,0,0,0,0,141.850739914,23,0,0,0,0
0,0,0,0,0,0,0,141.209977056,0,0,0,0,0
0,0,0,0,0,0,0,141.209977056,1,0,0,0,0
0,0,0,0,0,0,0,141.209977056,2,0,0,0,0
0,0,0,0,0,0,0,141.209977056,3,0,0,0,0
0,0,0,0,0,0,0,141.209977056,4,0,0,0,0
0,0,0,0,0,0,0,141.209977056,5,0,0.65,0,0
0.65,0.65,0.65,0.65,0.65,0.65,0.65,141.209977056,6,0.65,11.049999999999999,0.65,0.0
11.7,11.7,11.7,11.7,11.7,11.7,11.7,141.209977056,7,11.049999999999999,-1.0299999999999994,11.7,6.47
10.67,10.67,10.67,10.67,10.67,10.67,10.67,141.209977056,8,-1.0299999999999994,4.960000000000001,10.67,16.98
15.63,15.63,15.63,15.63,15.63,15.63,15.63,141.209977056,9,4.960000000000001,0.20999999999999908,15.63,21.94
15.84,15.84,15.84,15.84,15.84,15.84,15.84,141.209977056,10,0.20999999999999908,2.59,15.84,23.77
18.43,18.43,18.43,18.43,18.43,18.43,18.43,141.209977056,11,2.59,-3.2699999999999996,18.43,24.45
15.16,15.16,15.16,15.16,15.16,15.16,15.16,141.209977056,12,-3.2699999999999996,-2.49,15.16,24.88
12.67,12.67,12.67,12.67,12.67,12.67,12.67,141.209977056,13,-2.49,-2.49,12.67,24.71
10.18,10.18,10.18,10.18,10.18,10.18,10.18,141.209977056,14,-2.49,-1.9800000000000004,10.18,23.54
8.2,8.2,8.2,8.2,8.2,8.2,8.2,141.209977056,15,-1.9800000000000004,-4.389999999999999,8.2,20.53
3.81,3.81,3.81,3.81,3.81,3.81,3.81,141.209977056,16,-4.389999999999999,-3.71,3.81,12.97
0.1,0.1,0.1,0.1,0.1,0.1,0.1,141.209977056,17,-3.71,-0.1,0.1,0.22
0,0,0,0,0,0,0,141.209977056,18,-0.1,0,0,0
0,0,0,0,0,0,0,141.209977056,19,0,0,0,0
0,0,0,0,0,0,0,141.209977056,20,0,0,0,0
0,0,0,0,0,0,0,141.209977056,21,0,0,0,0
0,0,0,0,0,0,0,141.209977056,22,0,0,0,0
0,0,0,0,0,0,0,141.209977056,23,0,0,0,0
0,0,0,0,0,0,0,142.018990026,0,0,0,0,0
0,0,0,0,0,0,0,142.018990026,1,0,0,0,0
0,0,0,0,0,0,0,142.018990026,2,0,0,0,0
0,0,0,0,0,0,0,142.018990026,3,0,0,0,0
0,0,0,0,0,0,0,142.018990026,4,0,0,0,0
0,0,0,0,0,0,0,142.018990026,5,0,0.42,0,0
0.65,0.21,0.23,0.16,0.44,1.14,0.32,142.018990026,6,0.42,8.07,0.42,0.0
11.7,4.08,6.25,4.64,9.78,12.34,7.6,142.018990026,7,8.07,1.4900000000000002,8.49,6.37
10.67,8.86,11.48,9.5,19.1,19.77,13.22,142.018990026,8,1.4900000000000002,3.3599999999999994,9.98,17.22
15.63,10.43,18.61,8.81,22.9,20.91,18.62,142.018990026,9,3.3599999999999994,5.010000000000002,13.34,21.41
15.84,12.7,17.64,10.77,19.27,20.71,19.32,142.018990026,10,5.010000000000002,-0.1700000000000017,18.35,19.21
18.43,15.07,17.61,16.48,20.62,21.97,18.23,142.018990026,11,-0.1700000000000017,5.210000000000001,18.18,14.08
15.16,14.64,20.86,15.33,24.72,22.49,22.58,142.018990026,12,5.210000000000001,-1.0700000000000003,23.39,17.43
12.67,15.24,16.92,20.53,20.62,17.07,17.49,142.018990026,13,-1.0700000000000003,-2.75,22.32,18.82
10.18,13.95,10.69,19.59,20.08,10.67,10.07,142.018990026,14,-2.75,-0.129999999999999,19.57,19.32
8.2,11.69,6.93,14.83,18.88,7.22,8.27,142.018990026,15,-0.129999999999999,-8.190000000000001,19.44,17.33
3.81,4.96,2.03,5.12,12.67,5.96,5.73,142.018990026,16,-8.190000000000001,-11.02,11.25,10.21
0.1,0.11,0.04,0.13,0.69,0.25,0.3,142.018990026,17,-11.02,-0.23,0.23,0.2
0,0,0,0,0,0,0,142.018990026,18,-0.23,0,0,0
0,0,0,0,0,0,0,142.018990026,19,0,0,0,0
0,0,0,0,0,0,0,142.018990026,20,0,0,0,0
0,0,0,0,0,0,0,142.018990026,21,0,0,0,0
0,0,0,0,0,0,0,142.018990026,22,0,0,0,0
0,0,0,0,0,0,0,142.018990026,23,0,0,0,0
0,0,0,0,0,0,0,142.908086244,0,0,0,0,0
0,0,0,0,0,0,0,142.908086244,1,0,0,0,0
0,0,0,0,0,0,0,142.908086244,2,0,0,0,0
0,0,0,0,0,0,0,142.908086244,3,0,0,0,0
0,0,0,0,0,0,0,142.908086244,4,0,0,0,0
0,0,0,0,0,0,0,142.908086244,5,0,0.46,0,0
0.42,0.65,0.21,0.23,0.16,0.44,1.14,142.908086244,6,0.46,11.36,0.46,0.0
8.49,11.7,4.08,6.25,4.64,9.78,12.34,142.908086244,7,11.36,2.7300000000000004,11.82,6.13
9.98,10.67,8.86,11.48,9.5,19.1,19.77,142.908086244,8,2.7300000000000004,3.3299999999999983,14.55,16.47
13.34,15.63,10.43,18.61,8.81,22.9,20.91,142.908086244,9,3.3299999999999983,-1.4100000000000001,17.88,21.06
18.35,15.84,12.7,17.64,10.77,19.27,20.71,142.908086244,10,-1.4100000000000001,3.700000000000003,16.47,22.03
18.18,18.43,15.07,17.61,16.48,20.62,21.97,142.908086244,11,3.700000000000003,0.5,20.17,21.77
23.39,15.16,14.64,20.86,15.33,24.72,22.49,142.908086244,12,0.5,0.8999999999999986,20.67,21.99
22.32,12.67,15.24,16.92,20.53,20.62,17.07,142.908086244,13,0.8999999999999986,-1.370000000000001,21.57,21.46
19.57,10.18,13.95,10.69,19.59,20.08,10.67,142.908086244,14,-1.370000000000001,-4.699999999999999,20.2,19.78
19.44,8.2,11.69,6.93,14.83,18.88,7.22,142.908086244,15,-4.699999999999999,-6.83,15.5,18.06
11.25,3.81,4.96,2.03,5.12,12.67,5.96,142.908086244,16,-6.83,-8.51,8.67,12.13
0.23,0.1,0.11,0.04,0.13,0.69,0.25,142.908086244,17,-8.51,-0.16,0.16,0.27
0,0,0,0,0,0,0,142.908086244,18,-0.16,0,0,0
0,0,0,0,0,0,0,142.908086244,19,0,0,0,0
0,0,0,0,0,0,0,142.908086244,20,0,0,0,0
0,0,0,0,0,0,0,142.908086244,21,0,0,0,0
0,0,0,0,0,0,0,142.908086244,22,0,0,0,0
0,0,0,0,0,0,0,142.908086244,23,0,0,0,0
0,0,0,0,0,0,0,144.091864004,0,0,0,0,0
0,0,0,0,0,0,0,144.091864004,1,0,0,0,0
0,0,0,0,0,0,0,144.091864004,2,0,0,0,0
0,0,0,0,0,0,0,144.091864004,3,0,0,0,0
0,0,0,0,0,0,0,144.091864004,4,0,0,0,0
0,0,0,0,0,0,0,144.091864004,5,0,0.55,0,0
0.46,0.42,0.65,0.21,0.23,0.16,0.44,144.091864004,6,0.55,11.6,0.55,0.0
11.82,8.49,11.7,4.08,6.25,4.64,9.78,144.091864004,7,11.6,3.6500000000000004,12.15,6.34
14.55,9.98,10.67,8.86,11.48,9.5,19.1,144.091864004,8,3.6500000000000004,2.5,15.8,16.96
17.88,13.34,15.63,10.43,18.61,8.81,22.9,144.091864004,9,2.5,2.0599999999999987,18.3,22.02
16.47,18.35,15.84,12.7,17.64,10.77,19.27,144.091864004,10,2.0599999999999987,0.8100000000000023,20.36,23.2
20.17,18.18,18.43,15.07,17.61,16.48,20.62,144.091864004,11,0.8100000000000023,-3.3100000000000023,21.17,22.62
20.67,23.39,15.16,14.64,20.86,15.33,24.72,144.091864004,12,-3.3100000000000023,1.3300000000000018,17.86,23.66
21.57,22.32,12.67,15.24,16.92,20.53,20.62,144.091864004,13,1.3300000000000018,-0.9400000000000013,19.19,23.97
20.2,19.57,10.18,13.95,10.69,19.59,20.08,144.091864004,14,-0.9400000000000013,2.370000000000001,18.25,23.1
15.5,19.44,8.2,11.69,6.93,14.83,18.88,144.091864004,15,2.370000000000001,-7.440000000000001,20.62,20.55
8.67,11.25,3.81,4.96,2.03,5.12,12.67,144.091864004,16,-7.440000000000001,-12.95,13.18,13.3
0.16,0.23,0.1,0.11,0.04,0.13,0.69,144.091864004,17,-12.95,-0.23,0.23,0.31
0,0,0,0,0,0,0,144.091864004,18,-0.23,0,0,0
0,0,0,0,0,0,0,144.091864004,19,0,0,0,0
0,0,0,0,0,0,0,144.091864004,20,0,0,0,0
0,0,0,0,0,0,0,144.091864004,21,0,0,0,0
0,0,0,0,0,0,0,144.091864004,22,0,0,0,0
0,0,0,0,0,0,0,144.091864004,23,0,0,0,0
0,0,0,0,0,0,0,144.201826167,0,0,0,0,0
0,0,0,0,0,0,0,144.201826167,1,0,0,0,0
0,0,0,0,0,0,0,144.201826167,2,0,0,0,0
0,0,0,0,0,0,0,144.201826167,3,0,0,0,0
0,0,0,0,0,0,0,144.201826167,4,0,0,0,0
0,0,0,0,0,0,0,144.201826167,5,0,0.54,0,0
0.55,0.46,0.42,0.65,0.21,0.23,0.16,144.201826167,6,0.54,9.75,0.54,0.0
12.15,11.82,8.49,11.7,4.08,6.25,4.64,144.201826167,7,9.75,4.590000000000002,10.29,6.26
15.8,14.55,9.98,10.67,8.86,11.48,9.5,144.201826167,8,4.590000000000002,3.92,14.88,16.94
18.3,17.88,13.34,15.63,10.43,18.61,8.81,144.201826167,9,3.92,-2.7300000000000004,18.8,22.04
20.36,16.47,18.35,15.84,12.7,17.64,10.77,144.201826167,10,-2.7300000000000004,-1.5999999999999996,16.07,23.07
21.17,20.17,18.18,18.43,15.07,17.61,16.48,144.201826167,11,-1.5999999999999996,4.040000000000001,14.47,22.05
17.86,20.67,23.39,15.16,14.64,20.86,15.33,144.201826167,12,4.040000000000001,-1.3000000000000007,18.51,24.11
19.19,21.57,22.32,12.67,15.24,16.92,20.53,144.201826167,13,-1.3000000000000007,-2.41,17.21,24.87
18.25,20.2,19.57,10.18,13.95,10.69,19.59,144.201826167,14,-2.41,-1.1800000000000015,14.8,24.08
20.62,15.5,19.44,8.2,11.69,6.93,14.83,144.201826167,15,-1.1800000000000015,-5.639999999999999,13.62,20.96
13.18,8.67,11.25,3.81,4.96,2.03,5.12,144.201826167,16,-5.639999999999999,-7.83,7.98,12.62
0.23,0.16,0.23,0.1,0.11,0.04,0.13,144.201826167,17,-7.83,-0.15,0.15,0.39
0,0,0,0,0,0,0,144.201826167,18,-0.15,0,0,0
0,0,0,0,0,0,0,144.201826167,19,0,0,0,0
0,0,0,0,0,0,0,144.201826167,20,0,0,0,0
0,0,0,0,0,0,0,144.201826167,21,0,0,0,0
0,0,0,0,0,0,0,144.201826167,22,0,0,0,0
0,0,0,0,0,0,0,144.201826167,23,0,0,0,0
0,0,0,0,0,0,0,143.891784554,0,0,0,0,0
0,0,0,0,0,0,0,143.891784554,1,0,0,0,0
0,0,0,0,0,0,0,143.891784554,2,0,0,0,0
0,0,0,0,0,0,0,143.891784554,3,0,0,0,0
0,0,0,0,0,0,0,143.891784554,4,0,0,0,0
0,0,0,0,0,0,0,143.891784554,5,0,0.35,0,0
0.54,0.55,0.46,0.42,0.65,0.21,0.23,143.891784554,6,0.35,5.430000000000001,0.35,0.0
10.29,12.15,11.82,8.49,11.7,4.08,6.25,143.891784554,7,5.430000000000001,1.37,5.78,6.41
14.88,15.8,14.55,9.98,10.67,8.86,11.48,143.891784554,8,1.37,5.74,7.15,17.08
18.8,18.3,17.88,13.34,15.63,10.43,18.61,143.891784554,9,5.74,3.039999999999999,12.89,22.32
16.07,20.36,16.47,18.35,15.84,12.7,17.64,143.891784554,10,3.039999999999999,-0.7799999999999994,15.93,24.44
14.47,21.17,20.17,18.18,18.43,15.07,17.61,143.891784554,11,-0.7799999999999994,1.0699999999999985,15.15,25.11
18.51,17.86,20.67,23.39,15.16,14.64,20.86,143.891784554,12,1.0699999999999985,5.970000000000002,16.22,25.41
17.21,19.19,21.57,22.32,12.67,15.24,16.92,143.891784554,13,5.970000000000002,-1.4500000000000028,22.19,24.93
14.8,18.25,20.2,19.57,10.18,13.95,10.69,143.891784554,14,-1.4500000000000028,-8.079999999999998,20.74,23.73
13.62,20.62,15.5,19.44,8.2,11.69,6.93,143.891784554,15,-8.079999999999998,-6.71,12.66,21.34
7.98,13.18,8.67,11.25,3.81,4.96,2.03,143.891784554,16,-6.71,-5.86,5.95,13.96
0.15,0.23,0.16,0.23,0.1,0.11,0.04,143.891784554,17,-5.86,-0.09,0.09,0.42
0,0,0,0,0,0,0,143.891784554,18,-0.09,0,0,0
0,0,0,0,0,0,0,143.891784554,19,0,0,0,0
0,0,0,0,0,0,0,143.891784554,20,0,0,0,0
0,0,0,0,0,0,0,143.891784554,21,0,0,0,0
0,0,0,0,0,0,0,143.891784554,22,0,0,0,0
0,0,0,0,0,0,0,143.891784554,23,0,0,0,0
0,0,0,0,0,0,0,145.118697198,0,0,0,0,0
0,0,0,0,0,0,0,145.118697198,1,0,0,0,0
0,0,0,0,0,0,0,145.118697198,2,0,0,0,0
0,0,0,0,0,0,0,145.118697198,3,0,0,0,0
0,0,0,0,0,0,0,145.118697198,4,0,0,0,0
0,0,0,0,0,0,0,145.118697198,5,0,0.56,0,0
0.35,0.54,0.55,0.46,0.42,0.65,0.21,145.118697198,6,0.56,11.17,0.56,0.0
5.78,10.29,12.15,11.82,8.49,11.7,4.08,145.118697198,7,11.17,5.849999999999998,11.73,3.16
7.15,14.88,15.8,14.55,9.98,10.67,8.86,145.118697198,8,5.849999999999998,5.800000000000001,17.58,11.21
12.89,18.8,18.3,17.88,13.34,15.63,10.43,145.118697198,9,5.800000000000001,1.7900000000000027,23.38,16.84
15.93,16.07,20.36,16.47,18.35,15.84,12.7,145.118697198,10,1.7900000000000027,-1.8300000000000018,25.17,20.25
15.15,14.47,21.17,20.17,18.18,18.43,15.07,145.118697198,11,-1.8300000000000018,-4.280000000000001,23.34,21.85
16.22,18.51,17.86,20.67,23.39,15.16,14.64,145.118697198,12,-4.280000000000001,1.6900000000000013,19.06,22.88
22.19,17.21,19.19,21.57,22.32,12.67,15.24,145.118697198,13,1.6900000000000013,-4.85,20.75,23.28
20.74,14.8,18.25,20.2,19.57,10.18,13.95,145.118697198,14,-4.85,-1.6500000000000004,15.9,22.53
12.66,13.62,20.62,15.5,19.44,8.2,11.69,145.118697198,15,-1.6500000000000004,-6.199999999999999,14.25,17.88
5.95,7.98,13.18,8.67,11.25,3.81,4.96,145.118697198,16,-6.199999999999999,-7.910000000000001,8.05,8.9
0.09,0.15,0.23,0.16,0.23,0.1,0.11,145.118697198,17,-7.910000000000001,-0.14,0.14,0.2
0,0,0,0,0,0,0,145.118697198,18,-0.14,0,0,0
0,0,0,0,0,0,0,145.118697198,19,0,0,0,0
0,0,0,0,0,0,0,145.118697198,20,0,0,0,0
0,0,0,0,0,0,0,145.118697198,21,0,0,0,0
0,0,0,0,0,0,0,145.118697198,22,0,0,0,0
0,0,0,0,0,0,0,145.118697198,23,0,0,0,0
0,0,0,0,0,0,0,146.421336358,0,0,0,0,0
0,0,0,0,0,0,0,146.421336358,1,0,0,0,0
0,0,0,0,0,0,0,146.421336358,2,0,0,0,0
0,0,0,0,0,0,0,146.421336358,3,0,0,0,0
0,0,0,0,0,0,0,146.421336358,4,0,0,0,0
0,0,0,0,0,0,0,146.421336358,5,0,0.34,0,0
0.56,0.35,0.54,0.55,0.46,0.42,0.65,146.421336358,6,0.34,9.15,0.34,0.0
11.73,5.78,10.29,12.15,11.82,8.49,11.7,146.421336358,7,9.15,5.91,9.49,0.52
17.58,7.15,14.88,15.8,14.55,9.98,10.67,146.421336358,8,5.91,3.839999999999998,15.4,2.72
23.38,12.89,18.8,18.3,17.88,13.34,15.63,146.421336358,9,3.839999999999998,2.5700000000000003,19.24,5.17
25.17,15.93,16.07,20.36,16.47,18.35,15.84,146.421336358,10,2.5700000000000003,0.13000000000000256,21.81,7.09
23.34,15.15,14.47,21.17,20.17,18.18,18.43,146.421336358,11,0.13000000000000256,-3.610000000000003,21.94,8.85
19.06,16.22,18.51,17.86,20.67,23.39,15.16,146.421336358,12,-3.610000000000003,6.950000000000003,18.33,10.28
20.75,22.19,17.21,19.19,21.57,22.32,12.67,146.421336358,13,6.950000000000003,-4.27,25.28,11.86
15.9,20.74,14.8,18.25,20.2,19.57,10.18,146.421336358,14,-4.27,-5.120000000000001,21.01,11.42
14.25,12.66,13.62,20.62,15.5,19.44,8.2,146.421336358,15,-5.120000000000001,-1.42,15.89,8.42
8.05,5.95,7.98,13.18,8.67,11.25,3.81,146.421336358,16,-1.42,-14.31,14.47,4.36
0.14,0.09,0.15,0.23,0.16,0.23,0.1,146.421336358,17,-14.31,-0.16,0.16,0.15
0,0,0,0,0,0,0,146.421336358,18,-0.16,0,0,0
0,0,0,0,0,0,0,146.421336358,19,0,0,0,0
0,0,0,0,0,0,0,146.421336358,20,0,0,0,0
0,0,0,0,0,0,0,146.421336358,21,0,0,0,0
0,0,0,0,0,0,0,146.421336358,22,0,0,0,0
0,0,0,0,0,0,0,146.421336358,23,0,0,0,0
0,0,0,0,0,0,0,147.739554907,0,0,0,0,0
0,0,0,0,0,0,0,147.739554907,1,0,0,0,0
0,0,0,0,0,0,0,147.739554907,2,0,0,0,0
0,0,0,0,0,0,0,147.739554907,3,0,0,0,0
0,0,0,0,0,0,0,147.739554907,4,0,0,0,0
0,0,0,0,0,0,0,147.739554907,5,0,0.87,0,0
0.34,0.56,0.35,0.54,0.55,0.46,0.42,147.739554907,6,0.87,11.41,0.87,0.0
9.49,11.73,5.78,10.29,12.15,11.82,8.49,147.739554907,7,11.41,3.6500000000000004,12.28,5.63
15.4,17.58,7.15,14.88,15.8,14.55,9.98,147.739554907,8,3.6500000000000004,8.240000000000002,15.93,16.45
19.24,23.38,12.89,18.8,18.3,17.88,13.34,147.739554907,9,8.240000000000002,-1.9700000000000024,24.17,21.83
21.81,25.17,15.93,16.07,20.36,16.47,18.35,147.739554907,10,-1.9700000000000024,2.080000000000002,22.2,22.82
21.94,23.34,15.15,14.47,21.17,20.17,18.18,147.739554907,11,2.080000000000002,-2.8100000000000023,24.28,22.23
18.33,19.06,16.22,18.51,17.86,20.67,23.39,147.739554907,12,-2.8100000000000023,-1.1999999999999993,21.47,22.45
25.28,20.75,22.19,17.21,19.19,21.57,22.32,147.739554907,13,-1.1999999999999993,-2.259999999999998,20.27,21.93
21.01,15.9,20.74,14.8,18.25,20.2,19.57,147.739554907,14,-2.259999999999998,-1.0899999999999999,18.01,20.18
15.89,14.25,12.66,13.62,20.62,15.5,19.44,147.739554907,15,-1.0899999999999999,-8.310000000000002,16.92,18.61
14.47,8.05,5.95,7.98,13.18,8.67,11.25,147.739554907,16,-8.310000000000002,-8.5,8.61,13.53
0.16,0.14,0.09,0.15,0.23,0.16,0.23,147.739554907,17,-8.5,-0.11,0.11,0.54
0,0,0,0,0,0,0,147.739554907,18,-0.11,0,0,0
0,0,0,0,0,0,0,147.739554907,19,0,0,0,0
0,0,0,0,0,0,0,147.739554907,20,0,0,0,0
0,0,0,0,0,0,0,147.739554907,21,0,0,0,0
0,0,0,0,0,0,0,147.739554907,22,0,0,0,0
0,0,0,0,0,0,0,147.739554907,23,0,0,0,0
0,0,0,0,0,0,0,148.319674387,0,0,0,0,0
0,0,0,0,0,0,0,148.319674387,1,0,0,0,0
0,0,0,0,0,0,0,148.319674387,2,0,0,0,0
0,0,0,0,0,0,0,148.319674387,3,0,0,0,0
0,0,0,0,0,0,0,148.319674387,4,0,0,0,0
0,0,0,0,0,0,0,148.319674387,5,0,1.21,0,0
0.87,0.34,0.56,0.35,0.54,0.55,0.46,148.319674387,6,1.21,10.059999999999999,1.21,0.0
12.28,9.49,11.73,5.78,10.29,12.15,11.82,148.319674387,7,10.059999999999999,3.3499999999999996,11.27,6.02
15.93,15.4,17.58,7.15,14.88,15.8,14.55,148.319674387,8,3.3499999999999996,4.869999999999999,14.62,16.38
24.17,19.24,23.38,12.89,18.8,18.3,17.88,148.319674387,9,4.869999999999999,0.5400000000000027,19.49,21.77
22.2,21.81,25.17,15.93,16.07,20.36,16.47,148.319674387,10,0.5400000000000027,0.4399999999999977,20.03,23.79
24.28,21.94,23.34,15.15,14.47,21.17,20.17,148.319674387,11,0.4399999999999977,1.2300000000000004,20.47,24.41
21.47,18.33,19.06,16.22,18.51,17.86,20.67,148.319674387,12,1.2300000000000004,-3.7399999999999984,21.7,24.61
20.27,25.28,20.75,22.19,17.21,19.19,21.57,148.319674387,13,-3.7399999999999984,-1.2600000000000016,17.96,24.15
18.01,21.01,15.9,20.74,14.8,18.25,20.2,148.319674387,14,-1.2600000000000016,-2.8999999999999986,16.7,22.65
16.92,15.89,14.25,12.66,13.62,20.62,15.5,148.319674387,15,-2.8999999999999986,-6.3500000000000005,13.8,20.46
8.61,14.47,8.05,5.95,7.98,13.18,8.67,148.319674387,16,-6.3500000000000005,-7.38,7.45,13.68
0.11,0.16,0.14,0.09,0.15,0.23,0.16,148.319674387,17,-7.38,-0.07,0.07,0.57
0,0,0,0,0,0,0,148.319674387,18,-0.07,0,0,0
0,0,0,0,0,0,0,148.319674387,19,0,0,0,0
0,0,0,0,0,0,0,148.319674387,20,0,0,0,0
0,0,0,0,0,0,0,148.319674387,21,0,0,0,0
0,0,0,0,0,0,0,148.319674387,22,0,0,0,0
0,0,0,0,0,0,0,148.319674387,23,0,0,0,0
0,0,0,0,0,0,0,147.91977798,0,0,0,0,0
0,0,0,0,0,0,0,147.91977798,1,0,0,0,0
0,0,0,0,0,0,0,147.91977798,2,0,0,0,0
0,0,0,0,0,0,0,147.91977798,3,0,0,0,0
0,0,0,0,0,0,0,147.91977798,4,0,0,0,0
0,0,0,0,0,0,0,147.91977798,5,0,0.22,0,0
1.21,0.87,0.34,0.56,0.35,0.54,0.55,147.91977798,6,0.22,6.23,0.22,0.0
11.27,12.28,9.49,11.73,5.78,10.29,12.15,147.91977798,7,6.23,4.69,6.45,6.23
14.62,15.93,15.4,17.58,7.15,14.88,15.8,147.91977798,8,4.69,2.83,11.14,17.34
19.49,24.17,19.24,23.38,12.89,18.8,18.3,147.91977798,9,2.83,4.8199999999999985,13.97,22.22
20.03,22.2,21.81,25.17,15.93,16.07,20.36,147.91977798,10,4.8199999999999985,0.40000000000000213,18.79,22.93
20.47,24.28,21.94,23.34,15.15,14.47,21.17,147.91977798,11,0.40000000000000213,2.2300000000000004,19.19,21.84
21.7,21.47,18.33,19.06,16.22,18.51,17.86,147.91977798,12,2.2300000000000004,-2.0500000000000007,21.42,22.08
17.96,20.27,25.28,20.75,22.19,17.21,19.19,147.91977798,13,-2.0500000000000007,-6.920000000000002,19.37,21.55
16.7,18.01,21.01,15.9,20.74,14.8,18.25,147.91977798,14,-6.920000000000002,-3.3199999999999985,12.45,19.85
13.8,16.92,15.89,14.25,12.66,13.62,20.62,147.91977798,15,-3.3199999999999985,-4.700000000000001,9.13,18.39
7.45,8.61,14.47,8.05,5.95,7.98,13.18,147.91977798,16,-4.700000000000001,-4.41,4.43,13.57
0.07,0.11,0.16,0.14,0.09,0.15,0.23,147.91977798,17,-4.41,-0.02,0.02,0.61
0,0,0,0,0,0,0,147.91977798,18,-0.02,0,0,0
0,0,0,0,0,0,0,147.91977798,19,0,0,0,0
0,0,0,0,0,0,0,147.91977798,20,0,0,0,0
0,0,0,0,0,0,0,147.91977798,21,0,0,0,0
0,0,0,0,0,0,0,147.91977798,22,0,0,0,0
0,0,0,0,0,0,0,147.91977798,23,0,0,0,0
0,0,0,0,0,0,0,147.489561377,0,0,0,0,0
0,0,0,0,0,0,0,147.489561377,1,0,0,0,0
0,0,0,0,0,0,0,147.489561377,2,0,0,0,0
0,0,0,0,0,0,0,147.489561377,3,0,0,0,0
0,0,0,0,0,0,0,147.489561377,4,0,0,0,0
0,0,0,0,0,0,0,147.489561377,5,0,0.38,0,0
0.22,1.21,0.87,0.34,0.56,0.35,0.54,147.489561377,6,0.38,8.5,0.38,0.0
6.45,11.27,12.28,9.49,11.73,5.78,10.29,147.489561377,7,8.5,2.5699999999999985,8.88,5.64
11.14,14.62,15.93,15.4,17.58,7.15,14.88,147.489561377,8,2.5699999999999985,3.34,11.45,15.43
13.97,19.49,24.17,19.24,23.38,12.89,18.8,147.489561377,9,3.34,4.150000000000002,14.79,20.68
18.79,20.03,22.2,21.81,25.17,15.93,16.07,147.489561377,10,4.150000000000002,-0.360000000000003,18.94,23.38
19.19,20.47,24.28,21.94,23.34,15.15,14.47,147.489561377,11,-0.360000000000003,-0.6099999999999994,18.58,24.45
21.42,21.7,21.47,18.33,19.06,16.22,18.51,147.489561377,12,-0.6099999999999994,-0.3999999999999986,17.97,24.72
19.37,17.96,20.27,25.28,20.75,22.19,17.21,147.489561377,13,-0.3999999999999986,-4.48,17.57,24.43
12.45,16.7,18.01,21.01,15.9,20.74,14.8,147.489561377,14,-4.48,-3.4000000000000004,13.09,23.04
9.13,13.8,16.92,15.89,14.25,12.66,13.62,147.489561377,15,-3.4000000000000004,-5.76,9.69,19.94
4.43,7.45,8.61,14.47,8.05,5.95,7.98,147.489561377,16,-5.76,-3.91,3.93,12.61
0.02,0.07,0.11,0.16,0.14,0.09,0.15,147.489561377,17,-3.91,-0.02,0.02,0.6
0,0,0,0,0,0,0,147.489561377,18,-0.02,0,0,0
0,0,0,0,0,0,0,147.489561377,19,0,0,0,0
0,0,0,0,0,0,0,147.489561377,20,0,0,0,0
0,0,0,0,0,0,0,147.489561377,21,0,0,0,0
0,0,0,0,0,0,0,147.489561377,22,0,0,0,0
0,0,0,0,0,0,0,147.489561377,23,0,0,0,0
0,0,0,0,0,0,0,146.144401948,0,0,0,0,0
0,0,0,0,0,0,0,146.144401948,1,0,0,0,0
0,0,0,0,0,0,0,146.144401948,2,0,0,0,0
0,0,0,0,0,0,0,146.144401948,3,0,0,0,0
0,0,0,0,0,0,0,146.144401948,4,0,0,0,0
0,0,0,0,0,0,0,146.144401948,5,0,0.51,0,0
0.38,0.22,1.21,0.87,0.34,0.56,0.35,146.144401948,6,0.51,9.28,0.51,0.0
8.88,6.45,11.27,12.28,9.49,11.73,5.78,146.144401948,7,9.28,7.59,9.79,6.11
11.45,11.14,14.62,15.93,15.4,17.58,7.15,146.144401948,8,7.59,-0.05000000000000071,17.38,16.88
14.79,13.97,19.49,24.17,19.24,23.38,12.89,146.144401948,9,-0.05000000000000071,-1.4999999999999982,17.33,21.5
18.94,18.79,20.03,22.2,21.81,25.17,15.93,146.144401948,10,-1.4999999999999982,-0.2900000000000009,15.83,22.45
18.58,19.19,20.47,24.28,21.94,23.34,15.15,146.144401948,11,-0.2900000000000009,-3.8499999999999996,15.54,21.91
17.97,21.42,21.7,21.47,18.33,19.06,16.22,146.144401948,12,-3.8499999999999996,-2.039999999999999,11.69,23.61
17.57,19.37,17.96,20.27,25.28,20.75,22.19,146.144401948,13,-2.039999999999999,-3.8500000000000005,9.65,24.57
13.09,12.45,16.7,18.01,21.01,15.9,20.74,146.144401948,14,-3.8500000000000005,-2.6199999999999997,5.8,24.29
9.69,9.13,13.8,16.92,15.89,14.25,12.66,146.144401948,15,-2.6199999999999997,-1.8800000000000001,3.18,21.51
3.93,4.43,7.45,8.61,14.47,8.05,5.95,146.144401948,16,-1.8800000000000001,-1.3,1.3,14.36
0.02,0.02,0.07,0.11,0.16,0.14,0.09,146.144401948,17,-1.3,0.0,0.0,0.94
0,0,0,0,0,0,0,146.144401948,18,0.0,0,0,0
0,0,0,0,0,0,0,146.144401948,19,0,0,0,0
0,0,0,0,0,0,0,146.144401948,20,0,0,0,0
0,0,0,0,0,0,0,146.144401948,21,0,0,0,0
0,0,0,0,0,0,0,146.144401948,22,0,0,0,0
0,0,0,0,0,0,0,146.144401948,23,0,0,0,0
0,0,0,0,0,0,0,146.069993198,0,0,0,0,0
0,0,0,0,0,0,0,146.069993198,1,0,0,0,0
0,0,0,0,0,0,0,146.069993198,2,0,0,0,0
0,0,0,0,0,0,0,146.069993198,3,0,0,0,0
0,0,0,0,0,0,0,146.069993198,4,0,0,0,0
0,0,0,0,0,0,0,146.069993198,5,0,0.28,0,0
0.51,0.38,0.22,1.21,0.87,0.34,0.56,146.069993198,6,0.28,10.05,0.28,0.0
9.79,8.88,6.45,11.27,12.28,9.49,11.73,146.069993198,7,10.05,5.869999999999999,10.33,6.01
17.38,11.45,11.14,14.62,15.93,15.4,17.58,146.069993198,8,5.869999999999999,-0.5899999999999999,16.2,16.85
17.33,14.79,13.97,19.49,24.17,19.24,23.38,146.069993198,9,-0.5899999999999999,3.5,15.61,22.12
15.83,18.94,18.79,20.03,22.2,21.81,25.17,146.069993198,10,3.5,-0.4299999999999997,19.11,23.9
15.54,18.58,19.19,20.47,24.28,21.94,23.34,146.069993198,11,-0.4299999999999997,-1.0,18.68,24.38
11.69,17.97,21.42,21.7,21.47,18.33,19.06,146.069993198,12,-1.0,-0.7300000000000004,17.68,24.46
9.65,17.57,19.37,17.96,20.27,25.28,20.75,146.069993198,13,-0.7300000000000004,-4.529999999999999,16.95,24.0
5.8,13.09,12.45,16.7,18.01,21.01,15.9,146.069993198,14,-4.529999999999999,-0.5399999999999991,12.42,22.5
3.18,9.69,9.13,13.8,16.92,15.89,14.25,146.069993198,15,-0.5399999999999991,-7.1000000000000005,11.88,19.53
1.3,3.93,4.43,7.45,8.61,14.47,8.05,146.069993198,16,-7.1000000000000005,-4.74,4.78,12.33
0.0,0.02,0.02,0.07,0.11,0.16,0.14,146.069993198,17,-4.74,-0.04,0.04,0.72
0,0,0,0,0,0,0,146.069993198,18,-0.04,0,0,0
0,0,0,0,0,0,0,146.069993198,19,0,0,0,0
0,0,0,0,0,0,0,146.069993198,20,0,0,0,0
0,0,0,0,0,0,0,146.069993198,21,0,0,0,0
0,0,0,0,0,0,0,146.069993198,22,0,0,0,0
0,0,0,0,0,0,0,146.069993198,23,0,0,0,0
0,0,0,0,0,0,0,144.900928239,0,0,0,0,0
0,0,0,0,0,0,0,144.900928239,1,0,0,0,0
0,0,0,0,0,0,0,144.900928239,2,0,0,0,0
0,0,0,0,0,0,0,144.900928239,3,0,0,0,0
0,0,0,0,0,0,0,144.900928239,4,0,0,0,0
0,0,0,0,0,0,0,144.900928239,5,0,0.08,0,0
0.28,0.51,0.38,0.22,1.21,0.87,0.34,144.900928239,6,0.08,3.02,0.08,0.0
10.33,9.79,8.88,6.45,11.27,12.28,9.49,144.900928239,7,3.02,4.5,3.1,0.7
16.2,17.38,11.45,11.14,14.62,15.93,15.4,144.900928239,8,4.5,4.17,7.6,2.75
15.61,17.33,14.79,13.97,19.49,24.17,19.24,144.900928239,9,4.17,0.25,11.77,5.24
19.11,15.83,18.94,18.79,20.03,22.2,21.81,144.900928239,10,0.25,2.1500000000000004,12.02,7.2
18.68,15.54,18.58,19.19,20.47,24.28,21.94,144.900928239,11,2.1500000000000004,0.75,14.17,8.39
17.68,11.69,17.97,21.42,21.7,21.47,18.33,144.900928239,12,0.75,2.389999999999999,14.92,10.49
16.95,9.65,17.57,19.37,17.96,20.27,25.28,144.900928239,13,2.389999999999999,-2.7799999999999994,17.31,12.12
12.42,5.8,13.09,12.45,16.7,18.01,21.01,144.900928239,14,-2.7799999999999994,-4.479999999999999,14.53,11.79
11.88,3.18,9.69,9.13,13.8,16.92,15.89,144.900928239,15,-4.479999999999999,-3.880000000000001,10.05,8.84
4.78,1.3,3.93,4.43,7.45,8.61,14.47,144.900928239,16,-3.880000000000001,-6.14,6.17,4.86
0.04,0.0,0.02,0.02,0.07,0.11,0.16,144.900928239,17,-6.14,-0.03,0.03,0.24
0,0,0,0,0,0,0,144.900928239,18,-0.03,0,0,0
0,0,0,0,0,0,0,144.900928239,19,0,0,0,0
0,0,0,0,0,0,0,144.900928239,20,0,0,0,0
0,0,0,0,0,0,0,144.900928239,21,0,0,0,0
0,0,0,0,0,0,0,144.900928239,22,0,0,0,0
0,0,0,0,0,0,0,144.900928239,23,0,0,0,0
0,0,0,0,0,0,0,145.904753006,0,0,0,0,0
0,0,0,0,0,0,0,145.904753006,1,0,0,0,0
0,0,0,0,0,0,0,145.904753006,2,0,0,0,0
0,0,0,0,0,0,0,145.904753006,3,0,0,0,0
0,0,0,0,0,0,0,145.904753006,4,0,0,0,0
0,0,0,0,0,0,0,145.904753006,5,0,0.57,0,0
0.08,0.28,0.51,0.38,0.22,1.21,0.87,145.904753006,6,0.57,11.459999999999999,0.57,0.0
3.1,10.33,9.79,8.88,6.45,11.27,12.28,145.904753006,7,11.459999999999999,1.4400000000000013,12.03,4.95
7.6,16.2,17.38,11.45,11.14,14.62,15.93,145.904753006,8,1.4400000000000013,4.709999999999999,13.47,12.52
11.77,15.61,17.33,14.79,13.97,19.49,24.17,145.904753006,9,4.709999999999999,2.91,18.18,16.96
12.02,19.11,15.83,18.94,18.79,20.03,22.2,145.904753006,10,2.91,1.4800000000000004,21.09,19.09
14.17,18.68,15.54,18.58,19.19,20.47,24.28,145.904753006,11,1.4800000000000004,2.759999999999998,22.57,19.98
14.92,17.68,11.69,17.97,21.42,21.7,21.47,145.904753006,12,2.759999999999998,-5.299999999999997,25.33,19.75
17.31,16.95,9.65,17.57,19.37,17.96,20.27,145.904753006,13,-5.299999999999997,-0.21000000000000085,20.03,18.31
14.53,12.42,5.8,13.09,12.45,16.7,18.01,145.904753006,14,-0.21000000000000085,-6.630000000000001,19.82,16.14
10.05,11.88,3.18,9.69,9.13,13.8,16.92,145.904753006,15,-6.630000000000001,-5.129999999999999,13.19,11.93
6.17,4.78,1.3,3.93,4.43,7.45,8.61,145.904753006,16,-5.129999999999999,-8.030000000000001,8.06,5.74
0.03,0.04,0.0,0.02,0.02,0.07,0.11,145.904753006,17,-8.030000000000001,-0.03,0.03,0.24
0,0,0,0,0,0,0,145.904753006,18,-0.03,0,0,0
0,0,0,0,0,0,0,145.904753006,19,0,0,0,0
0,0,0,0,0,0,0,145.904753006,20,0,0,0,0
0,0,0,0,0,0,0,145.904753006,21,0,0,0,0
0,0,0,0,0,0,0,145.904753006,22,0,0,0,0
0,0,0,0,0,0,0,145.904753006,23,0,0,0,0
0,0,0,0,0,0,0,143.52285922,0,0,0,0,0
0,0,0,0,0,0,0,143.52285922,1,0,0,0,0
0,0,0,0,0,0,0,143.52285922,2,0,0,0,0
0,0,0,0,0,0,0,143.52285922,3,0,0,0,0
0,0,0,0,0,0,0,143.52285922,4,0,0,0,0
0,0,0,0,0,0,0,143.52285922,5,0,0.23,0,0
0.57,0.08,0.28,0.51,0.38,0.22,1.21,143.52285922,6,0.23,4.109999999999999,0.23,0.0
12.03,3.1,10.33,9.79,8.88,6.45,11.27,143.52285922,7,4.109999999999999,3.0700000000000003,4.34,1.89
13.47,7.6,16.2,17.38,11.45,11.14,14.62,143.52285922,8,3.0700000000000003,3.3200000000000003,7.41,5.28
18.18,11.77,15.61,17.33,14.79,13.97,19.49,143.52285922,9,3.3200000000000003,-2.130000000000001,10.73,12.11
21.09,12.02,19.11,15.83,18.94,18.79,20.03,143.52285922,10,-2.130000000000001,0.030000000000001137,8.6,15.77
22.57,14.17,18.68,15.54,18.58,19.19,20.47,143.52285922,11,0.030000000000001137,1.049999999999999,8.63,19.03
25.33,14.92,17.68,11.69,17.97,21.42,21.7,143.52285922,12,1.049999999999999,0.5899999999999999,9.68,19.27
20.03,17.31,16.95,9.65,17.57,19.37,17.96,143.52285922,13,0.5899999999999999,-2.25,10.27,18.6
19.82,14.53,12.42,5.8,13.09,12.45,16.7,143.52285922,14,-2.25,-1.9399999999999995,8.02,15.63
13.19,10.05,11.88,3.18,9.69,9.13,13.8,143.52285922,15,-1.9399999999999995,-4.09,6.08,13.35
8.06,6.17,4.78,1.3,3.93,4.43,7.45,143.52285922,16,-4.09,-1.99,1.99,9.44
0.03,0.03,0.04,0.0,0.02,0.02,0.07,143.52285922,17,-1.99,0.0,0.0,0.66
0,0,0,0,0,0,0,143.52285922,18,0.0,0,0,0
0,0,0,0,0,0,0,143.52285922,19,0,0,0,0
0,0,0,0,0,0,0,143.52285922,20,0,0,0,0
0,0,0,0,0,0,0,143.52285922,21,0,0,0,0
0,0,0,0,0,0,0,143.52285922,22,0,0,0,0
0,0,0,0,0,0,0,143.52285922,23,0,0,0,0
0,0,0,0,0,0,0,140.610999221,0,0,0,0,0
0,0,0,0,0,0,0,140.610999221,1,0,0,0,0
0,0,0,0,0,0,0,140.610999221,2,0,0,0,0
0,0,0,0,0,0,0,140.610999221,3,0,0,0,0
0,0,0,0,0,0,0,140.610999221,4,0,0,0,0
0,0,0,0,0,0,0,140.610999221,5,0,0.33,0,0
0.23,0.57,0.08,0.28,0.51,0.38,0.22,140.610999221,6,0.33,4.86,0.33,0.0
4.34,12.03,3.1,10.33,9.79,8.88,6.45,140.610999221,7,4.86,-1.3800000000000003,5.19,4.84
7.41,13.47,7.6,16.2,17.38,11.45,11.14,140.610999221,8,-1.3800000000000003,2.2399999999999998,3.81,13.47
10.73,18.18,11.77,15.61,17.33,14.79,13.97,140.610999221,9,2.2399999999999998,0.9699999999999998,6.05,18.72
8.6,21.09,12.02,19.11,15.83,18.94,18.79,140.610999221,10,0.9699999999999998,2.3000000000000007,7.02,21.11
8.63,22.57,14.17,18.68,15.54,18.58,19.19,140.610999221,11,2.3000000000000007,-1.5300000000000002,9.32,22.06
9.68,25.33,14.92,17.68,11.69,17.97,21.42,140.610999221,12,-1.5300000000000002,-1.2300000000000004,7.79,20.89
10.27,20.03,17.31,16.95,9.65,17.57,19.37,140.610999221,13,-1.2300000000000004,-1.7299999999999995,6.56,18.38
8.02,19.82,14.53,12.42,5.8,13.09,12.45,140.610999221,14,-1.7299999999999995,0.4399999999999995,4.83,14.3
6.08,13.19,10.05,11.88,3.18,9.69,9.13,140.610999221,15,0.4399999999999995,-3.3999999999999995,5.27,8.99
1.99,8.06,6.17,4.78,1.3,3.93,4.43,140.610999221,16,-3.3999999999999995,-1.87,1.87,3.05
0.0,0.03,0.03,0.04,0.0,0.02,0.02,140.610999221,17,-1.87,0.0,0.0,0.12
0,0,0,0,0,0,0,140.610999221,18,0.0,0,0,0
0,0,0,0,0,0,0,140.610999221,19,0,0,0,0
0,0,0,0,0,0,0,140.610999221,20,0,0,0,0
0,0,0,0,0,0,0,140.610999221,21,0,0,0,0
0,0,0,0,0,0,0,140.610999221,22,0,0,0,0
0,0,0,0,0,0,0,140.610999221,23,0,0,0,0
0,0,0,0,0,0,0,140.962842906,0,0,0,0,0
0,0,0,0,0,0,0,140.962842906,1,0,0,0,0
0,0,0,0,0,0,0,140.962842906,2,0,0,0,0
0,0,0,0,0,0,0,140.962842906,3,0,0,0,0
0,0,0,0,0,0,0,140.962842906,4,0,0,0,0
0,0,0,0,0,0,0,140.962842906,5,0,0.23,0,0
0.33,0.23,0.57,0.08,0.28,0.51,0.38,140.962842906,6,0.23,9.62,0.23,0.0
5.19,4.34,12.03,3.1,10.33,9.79,8.88,140.962842906,7,9.62,8.680000000000001,9.85,5.43
3.81,7.41,13.47,7.6,16.2,17.38,11.45,140.962842906,8,8.680000000000001,0.21999999999999886,18.53,13.32
6.05,10.73,18.18,11.77,15.61,17.33,14.79,140.962842906,9,0.21999999999999886,4.41,18.75,17.48
7.02,8.6,21.09,12.02,19.11,15.83,18.94,140.962842906,10,4.41,-1.3399999999999999,23.16,19.35
9.32,8.63,22.57,14.17,18.68,15.54,18.58,140.962842906,11,-1.3399999999999999,-2.9800000000000004,21.82,20.41
7.79,9.68,25.33,14.92,17.68,11.69,17.97,140.962842906,12,-2.9800000000000004,0.3000000000000007,18.84,20.01
6.56,10.27,20.03,17.31,16.95,9.65,17.57,140.962842906,13,0.3000000000000007,-9.620000000000001,19.14,19.07
4.83,8.02,19.82,14.53,12.42,5.8,13.09,140.962842906,14,-9.620000000000001,-1.2799999999999994,9.52,15.89
5.27,6.08,13.19,10.05,11.88,3.18,9.69,140.962842906,15,-1.2799999999999994,-5.380000000000001,8.24,13.02
1.87,1.99,8.06,6.17,4.78,1.3,3.93,140.962842906,16,-5.380000000000001,-2.86,2.86,8.88
0.0,0.0,0.03,0.03,0.04,0.0,0.02,140.962842906,17,-2.86,0.0,0.0,0.63
0,0,0,0,0,0,0,140.962842906,18,0.0,0,0,0
0,0,0,0,0,0,0,140.962842906,19,0,0,0,0
0,0,0,0,0,0,0,140.962842906,20,0,0,0,0
0,0,0,0,0,0,0,140.962842906,21,0,0,0,0
0,0,0,0,0,0,0,140.962842906,22,0,0,0,0
0,0,0,0,0,0,0,140.962842906,23,0,0,0,0
0,0,0,0,0,0,0,139.288516632,0,0,0,0,0
0,0,0,0,0,0,0,139.288516632,1,0,0,0,0
0,0,0,0,0,0,0,139.288516632,2,0,0,0,0
0,0,0,0,0,0,0,139.288516632,3,0,0,0,0
0,0,0,0,0,0,0,139.288516632,4,0,0,0,0
0,0,0,0,0,0,0,139.288516632,5,0,0.15,0,0
0.23,0.33,0.23,0.57,0.08,0.28,0.51,139.288516632,6,0.15,4.26,0.15,0.0
9.85,5.19,4.34,12.03,3.1,10.33,9.79,139.288516632,7,4.26,4.17,4.41,5.93
18.53,3.81,7.41,13.47,7.6,16.2,17.38,139.288516632,8,4.17,1.4399999999999995,8.58,16.06
18.75,6.05,10.73,18.18,11.77,15.61,17.33,139.288516632,9,1.4399999999999995,1.7300000000000004,10.02,21.8
23.16,7.02,8.6,21.09,12.02,19.11,15.83,139.288516632,10,1.7300000000000004,2.2699999999999996,11.75,23.95
21.82,9.32,8.63,22.57,14.17,18.68,15.54,139.288516632,11,2.2699999999999996,-1.8599999999999994,14.02,24.9
18.84,7.79,9.68,25.33,14.92,17.68,11.69,139.288516632,12,-1.8599999999999994,-0.6999999999999993,12.16,25.14
19.14,6.56,10.27,20.03,17.31,16.95,9.65,139.288516632,13,-0.6999999999999993,-2.620000000000001,11.46,24.64
9.52,4.83,8.02,19.82,14.53,12.42,5.8,139.288516632,14,-2.620000000000001,-1.5700000000000003,8.84,22.7
8.24,5.27,6.08,13.19,10.05,11.88,3.18,139.288516632,15,-1.5700000000000003,-4.119999999999999,7.27,19.72
2.86,1.87,1.99,8.06,6.17,4.78,1.3,139.288516632,16,-4.119999999999999,-3.15,3.15,12.77
0.0,0.0,0.0,0.03,0.03,0.04,0.0,139.288516632,17,-3.15,0.0,0.0,1.61
0,0,0,0,0,0,0,139.288516632,18,0.0,0,0,0
0,0,0,0,0,0,0,139.288516632,19,0,0,0,0
0,0,0,0,0,0,0,139.288516632,20,0,0,0,0
0,0,0,0,0,0,0,139.288516632,21,0,0,0,0
0,0,0,0,0,0,0,139.288516632,22,0,0,0,0
0,0,0,0,0,0,0,139.288516632,23,0,0,0,0
0,0,0,0,0,0,0,138.808950673,0,0,0,0,0
0,0,0,0,0,0,0,138.808950673,1,0,0,0,0
0,0,0,0,0,0,0,138.808950673,2,0,0,0,0
0,0,0,0,0,0,0,138.808950673,3,0,0,0,0
0,0,0,0,0,0,0,138.808950673,4,0,0,0,0
0,0,0,0,0,0,0,138.808950673,5,0,0.07,0,0
0.15,0.23,0.33,0.23,0.57,0.08,0.28,138.808950673,6,0.07,2.98,0.07,0.0
4.41,9.85,5.19,4.34,12.03,3.1,10.33,138.808950673,7,2.98,5.260000000000001,3.05,6.58
8.58,18.53,3.81,7.41,13.47,7.6,16.2,138.808950673,8,5.260000000000001,3.08,8.31,17.17
10.02,18.75,6.05,10.73,18.18,11.77,15.61,138.808950673,9,3.08,3.049999999999999,11.39,22.79
11.75,23.16,7.02,8.6,21.09,12.02,19.11,138.808950673,10,3.049999999999999,3.4300000000000015,14.44,24.66
14.02,21.82,9.32,8.63,22.57,14.17,18.68,138.808950673,11,3.4300000000000015,0.16000000000000014,17.87,25.26
12.16,18.84,7.79,9.68,25.33,14.92,17.68,138.808950673,12,0.16000000000000014,-0.4800000000000004,18.03,25.33
11.46,19.14,6.56,10.27,20.03,17.31,16.95,138.808950673,13,-0.4800000000000004,0.2799999999999976,17.55,24.88
8.84,9.52,4.83,8.02,19.82,14.53,12.42,138.808950673,14,0.2799999999999976,-6.3199999999999985,17.83,23.7
7.27,8.24,5.27,6.08,13.19,10.05,11.88,138.808950673,15,-6.3199999999999985,-6.35,11.51,21.52
3.15,2.86,1.87,1.99,8.06,6.17,4.78,138.808950673,16,-6.35,-5.16,5.16,14.83
0.0,0.0,0.0,0.0,0.03,0.03,0.04,138.808950673,17,-5.16,0.0,0.0,2.3
0,0,0,0,0,0,0,138.808950673,18,0.0,0,0,0
0,0,0,0,0,0,0,138.808950673,19,0,0,0,0
0,0,0,0,0,0,0,138.808950673,20,0,0,0,0
0,0,0,0,0,0,0,138.808950673,21,0,0,0,0
0,0,0,0,0,0,0,138.808950673,22,0,0,0,0
0,0,0,0,0,0,0,138.808950673,23,0,0,0,0
0,0,0,0,0,0,0,138.672391096,0,0,0,0,0
0,0,0,0,0,0,0,138.672391096,1,0,0,0,0
0,0,0,0,0,0,0,138.672391096,2,0,0,0,0
0,0,0,0,0,0,0,138.672391096,3,0,0,0,0
0,0,0,0,0,0,0,138.672391096,4,0,0,0,0
0,0,0,0,0,0,0,138.672391096,5,0,0.18,0,0
0.07,0.15,0.23,0.33,0.23,0.57,0.08,138.672391096,6,0.18,5.32,0.18,0.0
3.05,4.41,9.85,5.19,4.34,12.03,3.1,138.672391096,7,5.32,6.6,5.5,6.49
8.31,8.58,18.53,3.81,7.41,13.47,7.6,138.672391096,8,6.6,-0.46999999999999886,12.1,17.99
11.39,10.02,18.75,6.05,10.73,18.18,11.77,138.672391096,9,-0.46999999999999886,1.7199999999999989,11.63,23.27
14.44,11.75,23.16,7.02,8.6,21.09,12.02,138.672391096,10,1.7199999999999989,3.76,13.35,25.03
17.87,14.02,21.82,9.32,8.63,22.57,14.17,138.672391096,11,3.76,-0.21000000000000085,17.11,25.21
18.03,12.16,18.84,7.79,9.68,25.33,14.92,138.672391096,12,-0.21000000000000085,-1.679999999999998,16.9,25.18
17.55,11.46,19.14,6.56,10.27,20.03,17.31,138.672391096,13,-1.679999999999998,1.3599999999999977,15.22,24.94
17.83,8.84,9.52,4.83,8.02,19.82,14.53,138.672391096,14,1.3599999999999977,0.490000000000002,16.58,23.72
11.51,7.27,8.24,5.27,6.08,13.19,10.05,138.672391096,15,0.490000000000002,-7.970000000000001,17.07,21.72
5.16,3.15,2.86,1.87,1.99,8.06,6.17,138.672391096,16,-7.970000000000001,-9.04,9.1,14.88
0.0,0.0,0.0,0.0,0.0,0.03,0.03,138.672391096,17,-9.04,-0.06,0.06,2.35
0,0,0,0,0,0,0,138.672391096,18,-0.06,0,0,0
0,0,0,0,0,0,0,138.672391096,19,0,0,0,0
0,0,0,0,0,0,0,138.672391096,20,0,0,0,0
0,0,0,0,0,0,0,138.672391096,21,0,0,0,0
0,0,0,0,0,0,0,138.672391096,22,0,0,0,0
0,0,0,0,0,0,0,138.672391096,23,0,0,0,0
0,0,0,0,0,0,0,138.049285102,0,0,0,0,0
0,0,0,0,0,0,0,138.049285102,1,0,0,0,0
0,0,0,0,0,0,0,138.049285102,2,0,0,0,0
0,0,0,0,0,0,0,138.049285102,3,0,0,0,0
0,0,0,0,0,0,0,138.049285102,4,0,0,0,0
0,0,0,0,0,0,0,138.049285102,5,0,0.26,0,0
0.18,0.07,0.15,0.23,0.33,0.23,0.57,138.049285102,6,0.26,8.05,0.26,0.0
5.5,3.05,4.41,9.85,5.19,4.34,12.03,138.049285102,7,8.05,4.959999999999999,8.31,6.4
12.1,8.31,8.58,18.53,3.81,7.41,13.47,138.049285102,8,4.959999999999999,4.219999999999999,13.27,17.58
11.63,11.39,10.02,18.75,6.05,10.73,18.18,138.049285102,9,4.219999999999999,2.0600000000000023,17.49,22.33
13.35,14.44,11.75,23.16,7.02,8.6,21.09,138.049285102,10,2.0600000000000023,3.6999999999999993,19.55,23.68
17.11,17.87,14.02,21.82,9.32,8.63,22.57,138.049285102,11,3.6999999999999993,-8.68,23.25,23.53
16.9,18.03,12.16,18.84,7.79,9.68,25.33,138.049285102,12,-8.68,-1.8000000000000007,14.57,24.76
15.22,17.55,11.46,19.14,6.56,10.27,20.03,138.049285102,13,-1.8000000000000007,-5.96,12.77,25.13
16.58,17.83,8.84,9.52,4.83,8.02,19.82,138.049285102,14,-5.96,-3.9599999999999995,6.81,24.53
17.07,11.51,7.27,8.24,5.27,6.08,13.19,138.049285102,15,-3.9599999999999995,-1.6,2.85,22.01
9.1,5.16,3.15,2.86,1.87,1.99,8.06,138.049285102,16,-1.6,-1.25,1.25,14.66
0.06,0.0,0.0,0.0,0.0,0.0,0.03,138.049285102,17,-1.25,0.0,0.0,1.94
0,0,0,0,0,0,0,138.049285102,18,0.0,0,0,0
0,0,0,0,0,0,0,138.049285102,19,0,0,0,0
0,0,0,0,0,0,0,138.049285102,20,0,0,0,0
0,0,0,0,0,0,0,138.049285102,21,0,0,0,0
0,0,0,0,0,0,0,138.049285102,22,0,0,0,0
0,0,0,0,0,0,0,138.049285102,23,0,0,0,0
0,0,0,0,0,0,0,136.494643506,0,0,0,0,0
0,0,0,0,0,0,0,136.494643506,1,0,0,0,0
0,0,0,0,0,0,0,136.494643506,2,0,0,0,0
0,0,0,0,0,0,0,136.494643506,3,0,0,0,0
0,0,0,0,0,0,0,136.494643506,4,0,0,0,0
0,0,0,0,0,0,0,136.494643506,5,0,0.14,0,0
0.26,0.18,0.07,0.15,0.23,0.33,0.23,136.494643506,6,0.14,4.04,0.14,0.0
8.31,5.5,3.05,4.41,9.85,5.19,4.34,136.494643506,7,4.04,2.83,4.18,6.46
13.27,12.1,8.31,8.58,18.53,3.81,7.41,136.494643506,8,2.83,3.49,7.01,17.88
17.49,11.63,11.39,10.02,18.75,6.05,10.73,136.494643506,9,3.49,2.5700000000000003,10.5,23.21
19.55,13.35,14.44,11.75,23.16,7.02,8.6,136.494643506,10,2.5700000000000003,0.0600000000000005,13.07,24.99
23.25,17.11,17.87,14.02,21.82,9.32,8.63,136.494643506,11,0.0600000000000005,1.6799999999999997,13.13,25.54
14.57,16.9,18.03,12.16,18.84,7.79,9.68,136.494643506,12,1.6799999999999997,-4.76,14.81,25.91
12.77,15.22,17.55,11.46,19.14,6.56,10.27,136.494643506,13,-4.76,0.9499999999999993,10.05,25.69
6.81,16.58,17.83,8.84,9.52,4.83,8.02,136.494643506,14,0.9499999999999993,-4.49,11.0,24.74
2.85,17.07,11.51,7.27,8.24,5.27,6.08,136.494643506,15,-4.49,-4.5,6.51,21.94
1.25,9.1,5.16,3.15,2.86,1.87,1.99,136.494643506,16,-4.5,-2.01,2.01,14.98
0.0,0.06,0.0,0.0,0.0,0.0,0.0,136.494643506,17,-2.01,0.0,0.0,3.2
0,0,0,0,0,0,0,136.494643506,18,0.0,0,0,0
0,0,0,0,0,0,0,136.494643506,19,0,0,0,0
0,0,0,0,0,0,0,136.494643506,20,0,0,0,0
0,0,0,0,0,0,0,136.494643506,21,0,0,0,0
0,0,0,0,0,0,0,136.494643506,22,0,0,0,0
0,0,0,0,0,0,0,136.494643506,23,0,0,0,0
0,0,0,0,0,0,0,135.502891866,0,0,0,0,0
0,0,0,0,0,0,0,135.502891866,1,0,0,0,0
0,0,0,0,0,0,0,135.502891866,2,0,0,0,0
0,0,0,0,0,0,0,135.502891866,3,0,0,0,0
0,0,0,0,0,0,0,135.502891866,4,0,0,0,0
0,0,0,0,0,0,0,135.502891866,5,0,0.18,0,0
0.14,0.26,0.18,0.07,0.15,0.23,0.33,135.502891866,6,0.18,5.17,0.18,0.0
4.18,8.31,5.5,3.05,4.41,9.85,5.19,135.502891866,7,5.17,2.0900000000000007,5.35,6.58
7.01,13.27,12.1,8.31,8.58,18.53,3.81,135.502891866,8,2.0900000000000007,3.6900000000000004,7.44,18.03
10.5,17.49,11.63,11.39,10.02,18.75,6.05,135.502891866,9,3.6900000000000004,1.2899999999999991,11.13,23.33
13.07,19.55,13.35,14.44,11.75,23.16,7.02,135.502891866,10,1.2899999999999991,0.2900000000000009,12.42,24.93
13.13,23.25,17.11,17.87,14.02,21.82,9.32,135.502891866,11,0.2900000000000009,-0.28000000000000114,12.71,25.76
14.81,14.57,16.9,18.03,12.16,18.84,7.79,135.502891866,12,-0.28000000000000114,1.8000000000000007,12.43,25.94
10.05,12.77,15.22,17.55,11.46,19.14,6.56,135.502891866,13,1.8000000000000007,0.019999999999999574,14.23,25.71
11.0,6.81,16.58,17.83,8.84,9.52,4.83,135.502891866,14,0.019999999999999574,-2.5199999999999996,14.25,24.86
6.51,2.85,17.07,11.51,7.27,8.24,5.27,135.502891866,15,-2.5199999999999996,-6.220000000000001,11.73,22.58
2.01,1.25,9.1,5.16,3.15,2.86,1.87,135.502891866,16,-6.220000000000001,-5.51,5.51,15.83
0.0,0.0,0.06,0.0,0.0,0.0,0.0,135.502891866,17,-5.51,0.0,0.0,3.41
0,0,0,0,0,0,0,135.502891866,18,0.0,0,0,0
0,0,0,0,0,0,0,135.502891866,19,0,0,0,0
0,0,0,0,0,0,0,135.502891866,20,0,0,0,0
0,0,0,0,0,0,0,135.502891866,21,0,0,0,0
0,0,0,0,0,0,0,135.502891866,22,0,0,0,0
0,0,0,0,0,0,0,135.502891866,23,0,0,0,0
0,0,0,0,0,0,0,135.000354211,0,0,0,0,0
0,0,0,0,0,0,0,135.000354211,1,0,0,0,0
0,0,0,0,0,0,0,135.000354211,2,0,0,0,0
0,0,0,0,0,0,0,135.000354211,3,0,0,0,0
0,0,0,0,0,0,0,135.000354211,4,0,0,0,0
0,0,0,0,0,0,0,135.000354211,5,0,0.11,0,0
0.18,0.14,0.26,0.18,0.07,0.15,0.23,135.000354211,6,0.11,4.489999999999999,0.11,0.0
5.35,4.18,8.31,5.5,3.05,4.41,9.85,135.000354211,7,4.489999999999999,3.5500000000000007,4.6,6.04
7.44,7.01,13.27,12.1,8.31,8.58,18.53,135.000354211,8,3.5500000000000007,2.1799999999999997,8.15,16.84
11.13,10.5,17.49,11.63,11.39,10.02,18.75,135.000354211,9,2.1799999999999997,8.85,10.33,21.84
12.42,13.07,19.55,13.35,14.44,11.75,23.16,135.000354211,10,8.85,-0.7199999999999989,19.18,21.61
12.71,13.13,23.25,17.11,17.87,14.02,21.82,135.000354211,11,-0.7199999999999989,-2.49,18.46,18.6
12.43,14.81,14.57,16.9,18.03,12.16,18.84,135.000354211,12,-2.49,2.839999999999998,15.97,22.26
14.23,10.05,12.77,15.22,17.55,11.46,19.14,135.000354211,13,2.839999999999998,-7.6899999999999995,18.81,23.91
14.25,11.0,6.81,16.58,17.83,8.84,9.52,135.000354211,14,-7.6899999999999995,-1.1399999999999988,11.12,24.46
11.73,6.51,2.85,17.07,11.51,7.27,8.24,135.000354211,15,-1.1399999999999988,-5.94,9.98,22.08
5.51,2.01,1.25,9.1,5.16,3.15,2.86,135.000354211,16,-5.94,-4.04,4.04,14.98
0.0,0.0,0.0,0.06,0.0,0.0,0.0,135.000354211,17,-4.04,0.0,0.0,2.58
0,0,0,0,0,0,0,135.000354211,18,0.0,0,0,0
0,0,0,0,0,0,0,135.000354211,19,0,0,0,0
0,0,0,0,0,0,0,135.000354211,20,0,0,0,0
0,0,0,0,0,0,0,135.000354211,21,0,0,0,0
0,0,0,0,0,0,0,135.000354211,22,0,0,0,0
0,0,0,0,0,0,0,135.000354211,23,0,0,0,0
0,0,0,0,0,0,0,132.26162299,0,0,0,0,0
0,0,0,0,0,0,0,132.26162299,1,0,0,0,0
0,0,0,0,0,0,0,132.26162299,2,0,0,0,0
0,0,0,0,0,0,0,132.26162299,3,0,0,0,0
0,0,0,0,0,0,0,132.26162299,4,0,0,0,0
0,0,0,0,0,0,0,132.26162299,5,0,0.02,0,0
0.11,0.18,0.14,0.26,0.18,0.07,0.15,132.26162299,6,0.02,1.6199999999999999,0.02,0.0
4.6,5.35,4.18,8.31,5.5,3.05,4.41,132.26162299,7,1.6199999999999999,1.6300000000000001,1.64,5.22
8.15,7.44,7.01,13.27,12.1,8.31,8.58,132.26162299,8,1.6300000000000001,3.0399999999999996,3.27,15.68
10.33,11.13,10.5,17.49,11.63,11.39,10.02,132.26162299,9,3.0399999999999996,1.5900000000000007,6.31,19.42
19.18,12.42,13.07,19.55,13.35,14.44,11.75,132.26162299,10,1.5900000000000007,0.41000000000000014,7.9,20.13
18.46,12.71,13.13,23.25,17.11,17.87,14.02,132.26162299,11,0.41000000000000014,-1.2100000000000009,8.31,18.97
15.97,12.43,14.81,14.57,16.9,18.03,12.16,132.26162299,12,-1.2100000000000009,1.1600000000000001,7.1,21.63
18.81,14.23,10.05,12.77,15.22,17.55,11.46,132.26162299,13,1.1600000000000001,-2.1399999999999997,8.26,22.74
11.12,14.25,11.0,6.81,16.58,17.83,8.84,132.26162299,14,-2.1399999999999997,-2.2600000000000002,6.12,22.98
9.98,11.73,6.51,2.85,17.07,11.51,7.27,132.26162299,15,-2.2600000000000002,-2.05,3.86,19.48
4.04,5.51,2.01,1.25,9.1,5.16,3.15,132.26162299,16,-2.05,-1.81,1.81,12.41
0.0,0.0,0.0,0.0,0.06,0.0,0.0,132.26162299,17,-1.81,0.0,0.0,1.24
0,0,0,0,0,0,0,132.26162299,18,0.0,0,0,0
0,0,0,0,0,0,0,132.26162299,19,0,0,0,0
0,0,0,0,0,0,0,132.26162299,20,0,0,0,0
0,0,0,0,0,0,0,132.26162299,21,0,0,0,0
0,0,0,0,0,0,0,132.26162299,22,0,0,0,0
0,0,0,0,0,0,0,132.26162299,23,0,0,0,0
0,0,0,0,0,0,0,131.037319367,0,0,0,0,0
0,0,0,0,0,0,0,131.037319367,1,0,0,0,0
0,0,0,0,0,0,0,131.037319367,2,0,0,0,0
0,0,0,0,0,0,0,131.037319367,3,0,0,0,0
0,0,0,0,0,0,0,131.037319367,4,0,0,0,0
0,0,0,0,0,0,0,131.037319367,5,0,0.06,0,0
0.02,0.11,0.18,0.14,0.26,0.18,0.07,131.037319367,6,0.06,3.56,0.06,0.0
1.64,4.6,5.35,4.18,8.31,5.5,3.05,131.037319367,7,3.56,3.38,3.62,3.11
3.27,8.15,7.44,7.01,13.27,12.1,8.31,131.037319367,8,3.38,3.74,7.0,10.31
6.31,10.33,11.13,10.5,17.49,11.63,11.39,131.037319367,9,3.74,3.09,10.74,17.21
7.9,19.18,12.42,13.07,19.55,13.35,14.44,131.037319367,10,3.09,2.4300000000000015,13.83,22.03
8.31,18.46,12.71,13.13,23.25,17.11,17.87,131.037319367,11,2.4300000000000015,-0.8400000000000016,16.26,24.14
7.1,15.97,12.43,14.81,14.57,16.9,18.03,131.037319367,12,-0.8400000000000016,-3.59,15.42,24.5
8.26,18.81,14.23,10.05,12.77,15.22,17.55,131.037319367,13,-3.59,-3.4299999999999997,11.83,24.01
6.12,11.12,14.25,11.0,6.81,16.58,17.83,131.037319367,14,-3.4299999999999997,-1.4300000000000006,8.4,22.42
3.86,9.98,11.73,6.51,2.85,17.07,11.51,131.037319367,15,-1.4300000000000006,-4.779999999999999,6.97,20.42
1.81,4.04,5.51,2.01,1.25,9.1,5.16,131.037319367,16,-4.779999999999999,-2.19,2.19,15.09
0.0,0.0,0.0,0.0,0.0,0.06,0.0,131.037319367,17,-2.19,0.0,0.0,2.71
0,0,0,0,0,0,0,131.037319367,18,0.0,0,0,0
0,0,0,0,0,0,0,131.037319367,19,0,0,0,0
0,0,0,0,0,0,0,131.037319367,20,0,0,0,0
0,0,0,0,0,0,0,131.037319367,21,0,0,0,0
0,0,0,0,0,0,0,131.037319367,22,0,0,0,0
0,0,0,0,0,0,0,131.037319367,23,0,0,0,0
0,0,0,0,0,0,0,129.673501289,0,0,0,0,0
0,0,0,0,0,0,0,129.673501289,1,0,0,0,0
0,0,0,0,0,0,0,129.673501289,2,0,0,0,0
0,0,0,0,0,0,0,129.673501289,3,0,0,0,0
0,0,0,0,0,0,0,129.673501289,4,0,0,0,0
0,0,0,0,0,0,0,129.673501289,5,0,0.12,0,0
0.06,0.02,0.11,0.18,0.14,0.26,0.18,129.673501289,6,0.12,4.1499999999999995,0.12,0.0
3.62,1.64,4.6,5.35,4.18,8.31,5.5,129.673501289,7,4.1499999999999995,4.190000000000001,4.27,6.08
7.0,3.27,8.15,7.44,7.01,13.27,12.1,129.673501289,8,4.190000000000001,1.4699999999999989,8.46,16.11
10.74,6.31,10.33,11.13,10.5,17.49,11.63,129.673501289,9,1.4699999999999989,-2.13,9.93,19.66
13.83,7.9,19.18,12.42,13.07,19.55,13.35,129.673501289,10,-2.13,0.3199999999999994,7.8,20.1
16.26,8.31,18.46,12.71,13.13,23.25,17.11,129.673501289,11,0.3199999999999994,2.8500000000000014,8.12,18.74
15.42,7.1,15.97,12.43,14.81,14.57,16.9,129.673501289,12,2.8500000000000014,1.959999999999999,10.97,20.66
11.83,8.26,18.81,14.23,10.05,12.77,15.22,129.673501289,13,1.959999999999999,0.14000000000000057,12.93,21.96
8.4,6.12,11.12,14.25,11.0,6.81,16.58,129.673501289,14,0.14000000000000057,-1.1799999999999997,13.07,22.0
6.97,3.86,9.98,11.73,6.51,2.85,17.07,129.673501289,15,-1.1799999999999997,-8.450000000000001,11.89,19.96
2.19,1.81,4.04,5.51,2.01,1.25,9.1,129.673501289,16,-8.450000000000001,-3.44,3.44,15.21
0.0,0.0,0.0,0.0,0.0,0.0,0.06,129.673501289,17,-3.44,0.0,0.0,3.45
0,0,0,0,0,0,0,129.673501289,18,0.0,0,0,0
0,0,0,0,0,0,0,129.673501289,19,0,0,0,0
0,0,0,0,0,0,0,129.673501289,20,0,0,0,0
0,0,0,0,0,0,0,129.673501289,21,0,0,0,0
0,0,0,0,0,0,0,129.673501289,22,0,0,0,0
0,0,0,0,0,0,0,129.673501289,23,0,0,0,0
0,0,0,0,0,0,0,128.95600111,0,0,0,0,0
0,0,0,0,0,0,0,128.95600111,1,0,0,0,0
0,0,0,0,0,0,0,128.95600111,2,0,0,0,0
0,0,0,0,0,0,0,128.95600111,3,0,0,0,0
0,0,0,0,0,0,0,128.95600111,4,0,0,0,0
0,0,0,0,0,0,0,128.95600111,5,0,0.16,0,0
0.12,0.06,0.02,0.11,0.18,0.14,0.26,128.95600111,6,0.16,6.51,0.16,0.0
4.27,3.62,1.64,4.6,5.35,4.18,8.31,128.95600111,7,6.51,8.66,6.67,6.02
8.46,7.0,3.27,8.15,7.44,7.01,13.27,128.95600111,8,8.66,-1.6899999999999995,15.33,17.03
9.93,10.74,6.31,10.33,11.13,10.5,17.49,128.95600111,9,-1.6899999999999995,3.0,13.64,21.86
7.8,13.83,7.9,19.18,12.42,13.07,19.55,128.95600111,10,3.0,-0.17999999999999972,16.64,23.33
8.12,16.26,8.31,18.46,12.71,13.13,23.25,128.95600111,11,-0.17999999999999972,-0.47000000000000064,16.46,23.52
10.97,15.42,7.1,15.97,12.43,14.81,14.57,128.95600111,12,-0.47000000000000064,-5.93,15.99,23.86
12.93,11.83,8.26,18.81,14.23,10.05,12.77,128.95600111,13,-5.93,-4.0600000000000005,10.06,23.69
13.07,8.4,6.12,11.12,14.25,11.0,6.81,128.95600111,14,-4.0600000000000005,-0.45999999999999996,6.0,22.62
11.89,6.97,3.86,9.98,11.73,6.51,2.85,128.95600111,15,-0.45999999999999996,-3.42,5.54,20.95
3.44,2.19,1.81,4.04,5.51,2.01,1.25,128.95600111,16,-3.42,-2.12,2.12,15.51
0.0,0.0,0.0,0.0,0.0,0.0,0.0,128.95600111,17,-2.12,0.0,0.0,3.52
0,0,0,0,0,0,0,128.95600111,18,0.0,0,0,0
0,0,0,0,0,0,0,128.95600111,19,0,0,0,0
0,0,0,0,0,0,0,128.95600111,20,0,0,0,0
0,0,0,0,0,0,0,128.95600111,21,0,0,0,0
0,0,0,0,0,0,0,128.95600111,22,0,0,0,0
0,0,0,0,0,0,0,128.95600111,23,0,0,0,0
0,0,0,0,0,0,0,129.133609053,0,0,0,0,0
0,0,0,0,0,0,0,129.133609053,1,0,0,0,0
0,0,0,0,0,0,0,129.133609053,2,0,0,0,0
0,0,0,0,0,0,0,129.133609053,3,0,0,0,0
0,0,0,0,0,0,0,129.133609053,4,0,0,0,0
0,0,0,0,0,0,0,129.133609053,5,0,0.1,0,0
0.16,0.12,0.06,0.02,0.11,0.18,0.14,129.133609053,6,0.1,4.73,0.1,0.0
6.67,4.27,3.62,1.64,4.6,5.35,4.18,129.133609053,7,4.73,4.84,4.83,6.57
15.33,8.46,7.0,3.27,8.15,7.44,7.01,129.133609053,8,4.84,7.479999999999999,9.67,17.54
13.64,9.93,10.74,6.31,10.33,11.13,10.5,129.133609053,9,7.479999999999999,0.5100000000000016,17.15,22.69
16.64,7.8,13.83,7.9,19.18,12.42,13.07,129.133609053,10,0.5100000000000016,0.35999999999999943,17.66,23.84
16.46,8.12,16.26,8.31,18.46,12.71,13.13,129.133609053,11,0.35999999999999943,3.09,18.02,22.31
15.99,10.97,15.42,7.1,15.97,12.43,14.81,129.133609053,12,3.09,-4.399999999999999,21.11,23.81
10.06,12.93,11.83,8.26,18.81,14.23,10.05,129.133609053,13,-4.399999999999999,-2.8200000000000003,16.71,24.56
6.0,13.07,8.4,6.12,11.12,14.25,11.0,129.133609053,14,-2.8200000000000003,-4.24,13.89,24.2
5.54,11.89,6.97,3.86,9.98,11.73,6.51,129.133609053,15,-4.24,-4.2700000000000005,9.65,22.16
2.12,3.44,2.19,1.81,4.04,5.51,2.01,129.133609053,16,-4.2700000000000005,-5.38,5.38,16.31
0.0,0.0,0.0,0.0,0.0,0.0,0.0,129.133609053,17,-5.38,0.0,0.0,3.87
0,0,0,0,0,0,0,129.133609053,18,0.0,0,0,0
0,0,0,0,0,0,0,129.133609053,19,0,0,0,0
0,0,0,0,0,0,0,129.133609053,20,0,0,0,0
0,0,0,0,0,0,0,129.133609053,21,0,0,0,0
0,0,0,0,0,0,0,129.133609053,22,0,0,0,0
0,0,0,0,0,0,0,129.133609053,23,0,0,0,0
0,0,0,0,0,0,0,130.301529396,0,0,0,0,0
0,0,0,0,0,0,0,130.301529396,1,0,0,0,0
0,0,0,0,0,0,0,130.301529396,2,0,0,0,0
0,0,0,0,0,0,0,130.301529396,3,0,0,0,0
0,0,0,0,0,0,0,130.301529396,4,0,0,0,0
0,0,0,0,0,0,0,130.301529396,5,0,0.15,0,0
0.1,0.16,0.12,0.06,0.02,0.11,0.18,130.301529396,6,0.15,8.799999999999999,0.15,0.0
4.83,6.67,4.27,3.62,1.64,4.6,5.35,130.301529396,7,8.799999999999999,4.59,8.95,6.16
9.67,15.33,8.46,7.0,3.27,8.15,7.44,130.301529396,8,4.59,6.490000000000002,13.54,16.87
17.15,13.64,9.93,10.74,6.31,10.33,11.13,130.301529396,9,6.490000000000002,1.2799999999999976,20.03,21.98
17.66,16.64,7.8,13.83,7.9,19.18,12.42,130.301529396,10,1.2799999999999976,1.0500000000000007,21.31,23.84
18.02,16.46,8.12,16.26,8.31,18.46,12.71,130.301529396,11,1.0500000000000007,0.5600000000000023,22.36,24.22
21.11,15.99,10.97,15.42,7.1,15.97,12.43,130.301529396,12,0.5600000000000023,-4.450000000000003,22.92,23.11
16.71,10.06,12.93,11.83,8.26,18.81,14.23,130.301529396,13,-4.450000000000003,-0.6099999999999994,18.47,21.18
13.89,6.0,13.07,8.4,6.12,11.12,14.25,130.301529396,14,-0.6099999999999994,-5.5,17.86,17.35
9.65,5.54,11.89,6.97,3.86,9.98,11.73,130.301529396,15,-5.5,-6.89,12.36,12.47
5.38,2.12,3.44,2.19,1.81,4.04,5.51,130.301529396,16,-6.89,-5.47,5.47,6.55
0.0,0.0,0.0,0.0,0.0,0.0,0.0,130.301529396,17,-5.47,0.0,0.0,0.53
0,0,0,0,0,0,0,130.301529396,18,0.0,0,0,0
0,0,0,0,0,0,0,130.301529396,19,0,0,0,0
0,0,0,0,0,0,0,130.301529396,20,0,0,0,0
0,0,0,0,0,0,0,130.301529396,21,0,0,0,0
0,0,0,0,0,0,0,130.301529396,22,0,0,0,0
0,0,0,0,0,0,0,130.301529396,23,0,0,0,0
0,0,0,0,0,0,0,130.428534793,0,0,0,0,0
0,0,0,0,0,0,0,130.428534793,1,0,0,0,0
0,0,0,0,0,0,0,130.428534793,2,0,0,0,0
0,0,0,0,0,0,0,130.428534793,3,0,0,0,0
0,0,0,0,0,0,0,130.428534793,4,0,0,0,0
0,0,0,0,0,0,0,130.428534793,5,0,0.11,0,0
0.15,0.1,0.16,0.12,0.06,0.02,0.11,130.428534793,6,0.11,4.409999999999999,0.11,0.0
8.95,4.83,6.67,4.27,3.62,1.64,4.6,130.428534793,7,4.409999999999999,1.9400000000000004,4.52,3.9
13.54,9.67,15.33,8.46,7.0,3.27,8.15,130.428534793,8,1.9400000000000004,5.54,6.46,13.48
20.03,17.15,13.64,9.93,10.74,6.31,10.33,130.428534793,9,5.54,4.140000000000001,12.0,18.83
21.31,17.66,16.64,7.8,13.83,7.9,19.18,130.428534793,10,4.140000000000001,5.489999999999998,16.14,21.23
22.36,18.02,16.46,8.12,16.26,8.31,18.46,130.428534793,11,5.489999999999998,-1.8399999999999999,21.63,21.96
22.92,21.11,15.99,10.97,15.42,7.1,15.97,130.428534793,12,-1.8399999999999999,-0.5199999999999996,19.79,24.56
18.47,16.71,10.06,12.93,11.83,8.26,18.81,130.428534793,13,-0.5199999999999996,-3.6099999999999994,19.27,25.6
17.86,13.89,6.0,13.07,8.4,6.12,11.12,130.428534793,14,-3.6099999999999994,-2.7799999999999994,15.66,24.98
12.36,9.65,5.54,11.89,6.97,3.86,9.98,130.428534793,15,-2.7799999999999994,-7.3100000000000005,12.88,22.66
5.47,5.38,2.12,3.44,2.19,1.81,4.04,130.428534793,16,-7.3100000000000005,-5.57,5.57,15.79
0.0,0.0,0.0,0.0,0.0,0.0,0.0,130.428534793,17,-5.57,0.0,0.0,3.93
0,0,0,0,0,0,0,130.428534793,18,0.0,0,0,0
0,0,0,0,0,0,0,130.428534793,19,0,0,0,0
0,0,0,0,0,0,0,130.428534793,20,0,0,0,0
0,0,0,0,0,0,0,130.428534793,21,0,0,0,0
0,0,0,0,0,0,0,130.428534793,22,0,0,0,0
0,0,0,0,0,0,0,130.428534793,23,0,0,0,0
0,0,0,0,0,0,0,130.238850055,0,0,0,0,0
0,0,0,0,0,0,0,130.238850055,1,0,0,0,0
0,0,0,0,0,0,0,130.238850055,2,0,0,0,0
0,0,0,0,0,0,0,130.238850055,3,0,0,0,0
0,0,0,0,0,0,0,130.238850055,4,0,0,0,0
0,0,0,0,0,0,0,130.238850055,5,0,0.11,0,0
0.11,0.15,0.1,0.16,0.12,0.06,0.02,130.238850055,6,0.11,6.14,0.11,0.0
4.52,8.95,4.83,6.67,4.27,3.62,1.64,130.238850055,7,6.14,5.720000000000001,6.25,6.59
6.46,13.54,9.67,15.33,8.46,7.0,3.27,130.238850055,8,5.720000000000001,4.089999999999998,11.97,17.02
12.0,20.03,17.15,13.64,9.93,10.74,6.31,130.238850055,9,4.089999999999998,0.25,16.06,21.16
16.14,21.31,17.66,16.64,7.8,13.83,7.9,130.238850055,10,0.25,2.280000000000001,16.31,21.17
21.63,22.36,18.02,16.46,8.12,16.26,8.31,130.238850055,11,2.280000000000001,1.0500000000000007,18.59,18.95
19.79,22.92,21.11,15.99,10.97,15.42,7.1,130.238850055,12,1.0500000000000007,-6.280000000000001,19.64,20.51
19.27,18.47,16.71,10.06,12.93,11.83,8.26,130.238850055,13,-6.280000000000001,-4.43,13.36,21.49
15.66,17.86,13.89,6.0,13.07,8.4,6.12,130.238850055,14,-4.43,-0.02999999999999936,8.93,21.1
12.88,12.36,9.65,5.54,11.89,6.97,3.86,130.238850055,15,-0.02999999999999936,-4.16,8.9,15.61
5.57,5.47,5.38,2.12,3.44,2.19,1.81,130.238850055,16,-4.16,-4.74,4.74,8.2
0.0,0.0,0.0,0.0,0.0,0.0,0.0,130.238850055,17,-4.74,0.0,0.0,0.55
0,0,0,0,0,0,0,130.238850055,18,0.0,0,0,0
0,0,0,0,0,0,0,130.238850055,19,0,0,0,0
0,0,0,0,0,0,0,130.238850055,20,0,0,0,0
0,0,0,0,0,0,0,130.238850055,21,0,0,0,0
0,0,0,0,0,0,0,130.238850055,22,0,0,0,0
0,0,0,0,0,0,0,130.238850055,23,0,0,0,0
0,0,0,0,0,0,0,129.926865999,0,0,0,0,0
0,0,0,0,0,0,0,129.926865999,1,0,0,0,0
0,0,0,0,0,0,0,129.926865999,2,0,0,0,0
0,0,0,0,0,0,0,129.926865999,3,0,0,0,0
0,0,0,0,0,0,0,129.926865999,4,0,0,0,0
0,0,0,0,0,0,0,129.926865999,5,0,0.04,0,0
0.11,0.11,0.15,0.1,0.16,0.12,0.06,129.926865999,6,0.04,2.95,0.04,0.0
6.25,4.52,8.95,4.83,6.67,4.27,3.62,129.926865999,7,2.95,3.75,2.99,6.58
11.97,6.46,13.54,9.67,15.33,8.46,7.0,129.926865999,8,3.75,3.5199999999999996,6.74,17.43
16.06,12.0,20.03,17.15,13.64,9.93,10.74,129.926865999,9,3.5199999999999996,2.7699999999999996,10.26,22.3
16.31,16.14,21.31,17.66,16.64,7.8,13.83,129.926865999,10,2.7699999999999996,-0.8699999999999992,13.03,23.97
18.59,21.63,22.36,18.02,16.46,8.12,16.26,129.926865999,11,-0.8699999999999992,2.959999999999999,12.16,24.15
19.64,19.79,22.92,21.11,15.99,10.97,15.42,129.926865999,12,2.959999999999999,0.9100000000000019,15.12,23.79
13.36,19.27,18.47,16.71,10.06,12.93,11.83,129.926865999,13,0.9100000000000019,4.969999999999999,16.03,22.88
8.93,15.66,17.86,13.89,6.0,13.07,8.4,129.926865999,14,4.969999999999999,-5.789999999999999,21.0,20.96
8.9,12.88,12.36,9.65,5.54,11.89,6.97,129.926865999,15,-5.789999999999999,-6.710000000000001,15.21,18.21
4.74,5.57,5.47,5.38,2.12,3.44,2.19,129.926865999,16,-6.710000000000001,-8.5,8.5,11.79
0.0,0.0,0.0,0.0,0.0,0.0,0.0,129.926865999,17,-8.5,0.0,0.0,2.6
0,0,0,0,0,0,0,129.926865999,18,0.0,0,0,0
0,0,0,0,0,0,0,129.926865999,19,0,0,0,0
0,0,0,0,0,0,0,129.926865999,20,0,0,0,0
0,0,0,0,0,0,0,129.926865999,21,0,0,0,0
0,0,0,0,0,0,0,129.926865999,22,0,0,0,0
0,0,0,0,0,0,0,129.926865999,23,0,0,0,0
0,0,0,0,0,0,0,127.334046113,0,0,0,0,0
0,0,0,0,0,0,0,127.334046113,1,0,0,0,0
0,0,0,0,0,0,0,127.334046113,2,0,0,0,0
0,0,0,0,0,0,0,127.334046113,3,0,0,0,0
0,0,0,0,0,0,0,127.334046113,4,0,0,0,0
0,0,0,0,0,0,0,127.334046113,5,0,0.09,0,0
0.04,0.11,0.11,0.15,0.1,0.16,0.12,127.334046113,6,0.09,3.99,0.09,0.0
2.99,6.25,4.52,8.95,4.83,6.67,4.27,127.334046113,7,3.99,0.13999999999999968,4.08,5.59
6.74,11.97,6.46,13.54,9.67,15.33,8.46,127.334046113,8,0.13999999999999968,2.04,4.22,15.99
10.26,16.06,12.0,20.03,17.15,13.64,9.93,127.334046113,9,2.04,0.9400000000000004,6.26,20.08
13.03,16.31,16.14,21.31,17.66,16.64,7.8,127.334046113,10,0.9400000000000004,1.38,7.2,21.59
12.16,18.59,21.63,22.36,18.02,16.46,8.12,127.334046113,11,1.38,-0.7599999999999998,8.58,21.8
15.12,19.64,19.79,22.92,21.11,15.99,10.97,127.334046113,12,-0.7599999999999998,-1.5300000000000002,7.82,22.19
16.03,13.36,19.27,18.47,16.71,10.06,12.93,127.334046113,13,-1.5300000000000002,-1.0200000000000005,6.29,21.94
21.0,8.93,15.66,17.86,13.89,6.0,13.07,127.334046113,14,-1.0200000000000005,-2.0399999999999996,5.27,20.76
15.21,8.9,12.88,12.36,9.65,5.54,11.89,127.334046113,15,-2.0399999999999996,-2.46,3.23,18.15
8.5,4.74,5.57,5.47,5.38,2.12,3.44,127.334046113,16,-2.46,-0.77,0.77,11.78
0.0,0.0,0.0,0.0,0.0,0.0,0.0,127.334046113,17,-0.77,0.0,0.0,2.71
0,0,0,0,0,0,0,127.334046113,18,0.0,0,0,0
0,0,0,0,0,0,0,127.334046113,19,0,0,0,0
0,0,0,0,0,0,0,127.334046113,20,0,0,0,0
0,0,0,0,0,0,0,127.334046113,21,0,0,0,0
0,0,0,0,0,0,0,127.334046113,22,0,0,0,0
0,0,0,0,0,0,0,127.334046113,23,0,0,0,0
0,0,0,0,0,0,0,124.894608802,0,0,0,0,0
0,0,0,0,0,0,0,124.894608802,1,0,0,0,0
0,0,0,0,0,0,0,124.894608802,2,0,0,0,0
0,0,0,0,0,0,0,124.894608802,3,0,0,0,0
0,0,0,0,0,0,0,124.894608802,4,0,0,0,0
0,0,0,0,0,0,0,124.894608802,5,0,0.13,0,0
0.09,0.04,0.11,0.11,0.15,0.1,0.16,124.894608802,6,0.13,3.77,0.13,0.0
4.08,2.99,6.25,4.52,8.95,4.83,6.67,124.894608802,7,3.77,-0.08999999999999986,3.9,5.38
4.22,6.74,11.97,6.46,13.54,9.67,15.33,124.894608802,8,-0.08999999999999986,3.1300000000000003,3.81,13.75
6.26,10.26,16.06,12.0,20.03,17.15,13.64,124.894608802,9,3.1300000000000003,0.1999999999999993,6.94,18.86
7.2,13.03,16.31,16.14,21.31,17.66,16.64,124.894608802,10,0.1999999999999993,2.38,7.14,21.23
8.58,12.16,18.59,21.63,22.36,18.02,16.46,124.894608802,11,2.38,-0.8899999999999988,9.52,22.12
7.82,15.12,19.64,19.79,22.92,21.11,15.99,124.894608802,12,-0.8899999999999988,-2.4700000000000006,8.63,23.06
6.29,16.03,13.36,19.27,18.47,16.71,10.06,124.894608802,13,-2.4700000000000006,-0.5700000000000003,6.16,23.39
5.27,21.0,8.93,15.66,17.86,13.89,6.0,124.894608802,14,-0.5700000000000003,-2.5999999999999996,5.59,22.89
3.23,15.21,8.9,12.88,12.36,9.65,5.54,124.894608802,15,-2.5999999999999996,-2.08,2.99,20.35
0.77,8.5,4.74,5.57,5.47,5.38,2.12,124.894608802,16,-2.08,-0.91,0.91,15.07
0.0,0.0,0.0,0.0,0.0,0.0,0.0,124.894608802,17,-0.91,0.0,0.0,3.68
0,0,0,0,0,0,0,124.894608802,18,0.0,0,0,0
0,0,0,0,0,0,0,124.894608802,19,0,0,0,0
0,0,0,0,0,0,0,124.894608802,20,0,0,0,0
0,0,0,0,0,0,0,124.894608802,21,0,0,0,0
0,0,0,0,0,0,0,124.894608802,22,0,0,0,0
0,0,0,0,0,0,0,124.894608802,23,0,0,0,0
0,0,0,0,0,0,0,123.049563383,0,0,0,0,0
0,0,0,0,0,0,0,123.049563383,1,0,0,0,0
0,0,0,0,0,0,0,123.049563383,2,0,0,0,0
0,0,0,0,0,0,0,123.049563383,3,0,0,0,0
0,0,0,0,0,0,0,123.049563383,4,0,0,0,0
0,0,0,0,0,0,0,123.049563383,5,0,0.0,0,0
0.13,0.09,0.04,0.11,0.11,0.15,0.1,123.049563383,6,0.0,1.49,0.0,0.0
3.9,4.08,2.99,6.25,4.52,8.95,4.83,123.049563383,7,1.49,1.76,1.49,6.29
3.81,4.22,6.74,11.97,6.46,13.54,9.67,123.049563383,8,1.76,5.359999999999999,3.25,16.11
6.94,6.26,10.26,16.06,12.0,20.03,17.15,123.049563383,9,5.359999999999999,2.0200000000000014,8.61,20.29
7.14,7.2,13.03,16.31,16.14,21.31,17.66,123.049563383,10,2.0200000000000014,1.9499999999999993,10.63,21.91
9.52,8.58,12.16,18.59,21.63,22.36,18.02,123.049563383,11,1.9499999999999993,-2.7699999999999996,12.58,22.15
8.63,7.82,15.12,19.64,19.79,22.92,21.11,123.049563383,12,-2.7699999999999996,1.7299999999999986,9.81,23.64
6.16,6.29,16.03,13.36,19.27,18.47,16.71,123.049563383,13,1.7299999999999986,-4.009999999999999,11.54,24.43
5.59,5.27,21.0,8.93,15.66,17.86,13.89,123.049563383,14,-4.009999999999999,-3.13,7.53,24.23
2.99,3.23,15.21,8.9,12.88,12.36,9.65,123.049563383,15,-3.13,-3.5100000000000002,4.4,22.04
0.91,0.77,8.5,4.74,5.57,5.47,5.38,123.049563383,16,-3.5100000000000002,-0.89,0.89,16.25
0.0,0.0,0.0,0.0,0.0,0.0,0.0,123.049563383,17,-0.89,0.0,0.0,4.26
0,0,0,0,0,0,0,123.049563383,18,0.0,0,0,0
0,0,0,0,0,0,0,123.049563383,19,0,0,0,0
0,0,0,0,0,0,0,123.049563383,20,0,0,0,0
0,0,0,0,0,0,0,123.049563383,21,0,0,0,0
0,0,0,0,0,0,0,123.049563383,22,0,0,0,0
0,0,0,0,0,0,0,123.049563383,23,0,0,0,0
0,0,0,0,0,0,0,122.476627309,0,0,0,0,0
0,0,0,0,0,0,0,122.476627309,1,0,0,0,0
0,0,0,0,0,0,0,122.476627309,2,0,0,0,0
0,0,0,0,0,0,0,122.476627309,3,0,0,0,0
0,0,0,0,0,0,0,122.476627309,4,0,0,0,0
0,0,0,0,0,0,0,122.476627309,5,0,0.0,0,0
0.0,0.13,0.09,0.04,0.11,0.11,0.15,122.476627309,6,0.0,1.18,0.0,0.0
1.49,3.9,4.08,2.99,6.25,4.52,8.95,122.476627309,7,1.18,1.89,1.18,6.52
3.25,3.81,4.22,6.74,11.97,6.46,13.54,122.476627309,8,1.89,7.3100000000000005,3.07,15.9
8.61,6.94,6.26,10.26,16.06,12.0,20.03,122.476627309,9,7.3100000000000005,4.68,10.38,19.41
10.63,7.14,7.2,13.03,16.31,16.14,21.31,122.476627309,10,4.68,1.8499999999999996,15.06,20.11
12.58,9.52,8.58,12.16,18.59,21.63,22.36,122.476627309,11,1.8499999999999996,-1.5199999999999996,16.91,19.03
9.81,8.63,7.82,15.12,19.64,19.79,22.92,122.476627309,12,-1.5199999999999996,2.6999999999999993,15.39,19.43
11.54,6.16,6.29,16.03,13.36,19.27,18.47,122.476627309,13,2.6999999999999993,-4.82,18.09,18.95
7.53,5.59,5.27,21.0,8.93,15.66,17.86,122.476627309,14,-4.82,-4.07,13.27,17.47
4.4,2.99,3.23,15.21,8.9,12.88,12.36,122.476627309,15,-4.07,-5.52,9.2,15.82
0.89,0.91,0.77,8.5,4.74,5.57,5.47,122.476627309,16,-5.52,-3.68,3.68,10.51
0.0,0.0,0.0,0.0,0.0,0.0,0.0,122.476627309,17,-3.68,0.0,0.0,2.44
0,0,0,0,0,0,0,122.476627309,18,0.0,0,0,0
0,0,0,0,0,0,0,122.476627309,19,0,0,0,0
0,0,0,0,0,0,0,122.476627309,20,0,0,0,0
0,0,0,0,0,0,0,122.476627309,21,0,0,0,0
0,0,0,0,0,0,0,122.476627309,22,0,0,0,0
0,0,0,0,0,0,0,122.476627309,23,0,0,0,0
0,0,0,0,0,0,0,123.332421612,0,0,0,0,0
0,0,0,0,0,0,0,123.332421612,1,0,0,0,0
0,0,0,0,0,0,0,123.332421612,2,0,0,0,0
0,0,0,0,0,0,0,123.332421612,3,0,0,0,0
0,0,0,0,0,0,0,123.332421612,4,0,0,0,0
0,0,0,0,0,0,0,123.332421612,5,0,0.14,0,0
0.0,0.0,0.13,0.09,0.04,0.11,0.11,123.332421612,6,0.14,9.24,0.14,0.0
1.18,1.49,3.9,4.08,2.99,6.25,4.52,123.332421612,7,9.24,5.199999999999999,9.38,6.28
3.07,3.25,3.81,4.22,6.74,11.97,6.46,123.332421612,8,5.199999999999999,1.33,14.58,16.83
10.38,8.61,6.94,6.26,10.26,16.06,12.0,123.332421612,9,1.33,-0.09999999999999964,15.91,22.53
15.06,10.63,7.14,7.2,13.03,16.31,16.14,123.332421612,10,-0.09999999999999964,2.6599999999999984,15.81,24.59
16.91,12.58,9.52,8.58,12.16,18.59,21.63,123.332421612,11,2.6599999999999984,1.9800000000000004,18.47,25.31
15.39,9.81,8.63,7.82,15.12,19.64,19.79,123.332421612,12,1.9800000000000004,-1.5999999999999979,20.45,25.63
18.09,11.54,6.16,6.29,16.03,13.36,19.27,123.332421612,13,-1.5999999999999979,-1.7300000000000004,18.85,25.51
13.27,7.53,5.59,5.27,21.0,8.93,15.66,123.332421612,14,-1.7300000000000004,-5.470000000000001,17.12,24.89
9.2,4.4,2.99,3.23,15.21,8.9,12.88,123.332421612,15,-5.470000000000001,-6.41,11.65,22.94
3.68,0.89,0.91,0.77,8.5,4.74,5.57,123.332421612,16,-6.41,-5.24,5.24,17.31
0.0,0.0,0.0,0.0,0.0,0.0,0.0,123.332421612,17,-5.24,0.0,0.0,4.8
0,0,0,0,0,0,0,123.332421612,18,0.0,0,0,0
0,0,0,0,0,0,0,123.332421612,19,0,0,0,0
0,0,0,0,0,0,0,123.332421612,20,0,0,0,0
0,0,0,0,0,0,0,123.332421612,21,0,0,0,0
0,0,0,0,0,0,0,123.332421612,22,0,0,0,0
0,0,0,0,0,0,0,123.332421612,23,0,0,0,0
0,0,0,0,0,0,0,122.730093419,0,0,0,0,0
0,0,0,0,0,0,0,122.730093419,1,0,0,0,0
0,0,0,0,0,0,0,122.730093419,2,0,0,0,0
0,0,0,0,0,0,0,122.730093419,3,0,0,0,0
0,0,0,0,0,0,0,122.730093419,4,0,0,0,0
0,0,0,0,0,0,0,122.730093419,5,0,0.06,0,0
0.14,0.0,0.0,0.13,0.09,0.04,0.11,122.730093419,6,0.06,5.430000000000001,0.06,0.0
9.38,1.18,1.49,3.9,4.08,2.99,6.25,122.730093419,7,5.430000000000001,5.67,5.49,7.09
14.58,3.07,3.25,3.81,4.22,6.74,11.97,122.730093419,8,5.67,-0.5500000000000007,11.16,18.09
15.91,10.38,8.61,6.94,6.26,10.26,16.06,122.730093419,9,-0.5500000000000007,1.1900000000000013,10.61,23.3
15.81,15.06,10.63,7.14,7.2,13.03,16.31,122.730093419,10,1.1900000000000013,1.0099999999999998,11.8,25.31
18.47,16.91,12.58,9.52,8.58,12.16,18.59,122.730093419,11,1.0099999999999998,1.8499999999999996,12.81,25.95
20.45,15.39,9.81,8.63,7.82,15.12,19.64,122.730093419,12,1.8499999999999996,-1.9900000000000002,14.66,26.1
18.85,18.09,11.54,6.16,6.29,16.03,13.36,122.730093419,13,-1.9900000000000002,-2.3499999999999996,12.67,25.85
17.12,13.27,7.53,5.59,5.27,21.0,8.93,122.730093419,14,-2.3499999999999996,0.41000000000000014,10.32,25.1
11.65,9.2,4.4,2.99,3.23,15.21,8.9,122.730093419,15,0.41000000000000014,-5.390000000000001,10.73,22.47
5.24,3.68,0.89,0.91,0.77,8.5,4.74,122.730093419,16,-5.390000000000001,-5.34,5.34,15.89
0.0,0.0,0.0,0.0,0.0,0.0,0.0,122.730093419,17,-5.34,0.0,0.0,4.06
0,0,0,0,0,0,0,122.730093419,18,0.0,0,0,0
0,0,0,0,0,0,0,122.730093419,19,0,0,0,0
0,0,0,0,0,0,0,122.730093419,20,0,0,0,0
0,0,0,0,0,0,0,122.730093419,21,0,0,0,0
0,0,0,0,0,0,0,122.730093419,22,0,0,0,0
0,0,0,0,0,0,0,122.730093419,23,0,0,0,0
0,0,0,0,0,0,0,123.988402246,0,0,0,0,0
0,0,0,0,0,0,0,123.988402246,1,0,0,0,0
0,0,0,0,0,0,0,123.988402246,2,0,0,0,0
0,0,0,0,0,0,0,123.988402246,3,0,0,0,0
0,0,0,0,0,0,0,123.988402246,4,0,0,0,0
0,0,0,0,0,0,0,123.988402246,5,0,0.1,0,0
0.06,0.14,0.0,0.0,0.13,0.09,0.04,123.988402246,6,0.1,9.46,0.1,0.0
5.49,9.38,1.18,1.49,3.9,4.08,2.99,123.988402246,7,9.46,7.700000000000001,9.56,6.38
11.16,14.58,3.07,3.25,3.81,4.22,6.74,123.988402246,8,7.700000000000001,1.7999999999999972,17.26,17.02
10.61,15.91,10.38,8.61,6.94,6.26,10.26,123.988402246,9,1.7999999999999972,1.1400000000000006,19.06,21.86
11.8,15.81,15.06,10.63,7.14,7.2,13.03,123.988402246,10,1.1400000000000006,-2.4499999999999993,20.2,22.75
12.81,18.47,16.91,12.58,9.52,8.58,12.16,123.988402246,11,-2.4499999999999993,0.03999999999999915,17.75,22.27
14.66,20.45,15.39,9.81,8.63,7.82,15.12,123.988402246,12,0.03999999999999915,1.4200000000000017,17.79,24.35
12.67,18.85,18.09,11.54,6.16,6.29,16.03,123.988402246,13,1.4200000000000017,0.5700000000000003,19.21,25.28
10.32,17.12,13.27,7.53,5.59,5.27,21.0,123.988402246,14,0.5700000000000003,-6.120000000000001,19.78,25.07
10.73,11.65,9.2,4.4,2.99,3.23,15.21,123.988402246,15,-6.120000000000001,-8.36,13.66,22.92
5.34,5.24,3.68,0.89,0.91,0.77,8.5,123.988402246,16,-8.36,-5.3,5.3,17.22
0.0,0.0,0.0,0.0,0.0,0.0,0.0,123.988402246,17,-5.3,0.0,0.0,4.93
0,0,0,0,0,0,0,123.988402246,18,0.0,0,0,0
0,0,0,0,0,0,0,123.988402246,19,0,0,0,0
0,0,0,0,0,0,0,123.988402246,20,0,0,0,0
0,0,0,0,0,0,0,123.988402246,21,0,0,0,0
0,0,0,0,0,0,0,123.988402246,22,0,0,0,0
0,0,0,0,0,0,0,123.988402246,23,0,0,0,0
0,0,0,0,0,0,0,123.833126331,0,0,0,0,0
0,0,0,0,0,0,0,123.833126331,1,0,0,0,0
0,0,0,0,0,0,0,123.833126331,2,0,0,0,0
0,0,0,0,0,0,0,123.833126331,3,0,0,0,0
0,0,0,0,0,0,0,123.833126331,4,0,0,0,0
0,0,0,0,0,0,0,123.833126331,5,0,0.05,0,0
0.1,0.06,0.14,0.0,0.0,0.13,0.09,123.833126331,6,0.05,4.04,0.05,0.0
9.56,5.49,9.38,1.18,1.49,3.9,4.08,123.833126331,7,4.04,2.8100000000000005,4.09,6.49
17.26,11.16,14.58,3.07,3.25,3.81,4.22,123.833126331,8,2.8100000000000005,2.6999999999999993,6.9,16.49
19.06,10.61,15.91,10.38,8.61,6.94,6.26,123.833126331,9,2.6999999999999993,0.41000000000000014,9.6,21.55
20.2,11.8,15.81,15.06,10.63,7.14,7.2,123.833126331,10,0.41000000000000014,0.7799999999999994,10.01,23.66
17.75,12.81,18.47,16.91,12.58,9.52,8.58,123.833126331,11,0.7799999999999994,4.630000000000001,10.79,24.55
17.79,14.66,20.45,15.39,9.81,8.63,7.82,123.833126331,12,4.630000000000001,7.83,15.42,24.63
19.21,12.67,18.85,18.09,11.54,6.16,6.29,123.833126331,13,7.83,-5.57,23.25,24.22
19.78,10.32,17.12,13.27,7.53,5.59,5.27,123.833126331,14,-5.57,0.010000000000001563,17.68,23.0
13.66,10.73,11.65,9.2,4.4,2.99,3.23,123.833126331,15,0.010000000000001563,-13.740000000000002,17.69,21.46
5.3,5.34,5.24,3.68,0.89,0.91,0.77,123.833126331,16,-13.740000000000002,-3.95,3.95,16.29
0.0,0.0,0.0,0.0,0.0,0.0,0.0,123.833126331,17,-3.95,0.0,0.0,4.62
0,0,0,0,0,0,0,123.833126331,18,0.0,0,0,0
0,0,0,0,0,0,0,123.833126331,19,0,0,0,0
0,0,0,0,0,0,0,123.833126331,20,0,0,0,0
0,0,0,0,0,0,0,123.833126331,21,0,0,0,0
0,0,0,0,0,0,0,123.833126331,22,0,0,0,0
0,0,0,0,0,0,0,123.833126331,23,0,0,0,0
0,0,0,0,0,0,0,124.460813295,0,0,0,0,0
0,0,0,0,0,0,0,124.460813295,1,0,0,0,0
0,0,0,0,0,0,0,124.460813295,2,0,0,0,0
0,0,0,0,0,0,0,124.460813295,3,0,0,0,0
0,0,0,0,0,0,0,124.460813295,4,0,0,0,0
0,0,0,0,0,0,0,124.460813295,5,0,0.05,0,0
0.05,0.1,0.06,0.14,0.0,0.0,0.13,124.460813295,6,0.05,6.58,0.05,0.0
4.09,9.56,5.49,9.38,1.18,1.49,3.9,124.460813295,7,6.58,8.2,6.63,7.01
6.9,17.26,11.16,14.58,3.07,3.25,3.81,124.460813295,8,8.2,-0.09999999999999964,14.83,17.71
9.6,19.06,10.61,15.91,10.38,8.61,6.94,124.460813295,9,-0.09999999999999964,3.9400000000000013,14.73,22.7
10.01,20.2,11.8,15.81,15.06,10.63,7.14,124.460813295,10,3.9400000000000013,-1.740000000000002,18.67,24.59
10.79,17.75,12.81,18.47,16.91,12.58,9.52,124.460813295,11,-1.740000000000002,2.9800000000000004,16.93,25.41
15.42,17.79,14.66,20.45,15.39,9.81,8.63,124.460813295,12,2.9800000000000004,0.3500000000000014,19.91,24.97
23.25,19.21,12.67,18.85,18.09,11.54,6.16,124.460813295,13,0.3500000000000014,-7.360000000000001,20.26,23.61
17.68,19.78,10.32,17.12,13.27,7.53,5.59,124.460813295,14,-7.360000000000001,-2.3200000000000003,12.9,21.08
17.69,13.66,10.73,11.65,9.2,4.4,2.99,124.460813295,15,-2.3200000000000003,-3.8100000000000005,10.58,18.55
3.95,5.3,5.34,5.24,3.68,0.89,0.91,124.460813295,16,-3.8100000000000005,-6.77,6.77,13.08
0.0,0.0,0.0,0.0,0.0,0.0,0.0,124.460813295,17,-6.77,0.0,0.0,2.85
0,0,0,0,0,0,0,124.460813295,18,0.0,0,0,0
0,0,0,0,0,0,0,124.460813295,19,0,0,0,0
0,0,0,0,0,0,0,124.460813295,20,0,0,0,0
0,0,0,0,0,0,0,124.460813295,21,0,0,0,0
0,0,0,0,0,0,0,124.460813295,22,0,0,0,0
0,0,0,0,0,0,0,124.460813295,23,0,0,0,0
